config_id,split,mode,m,max_edges,edge_selection,channel_set,preprocess,label_shift_ms,mfg_feature_mode,event,baseline_auc,mfg_auc,combined_auc,combined_minus_baseline,mfg_minus_baseline
1,1-2-3-4-5-6|7,corr,2,4,event_union,all32,car_only,0.0,expanded,HandStart,0.5492400085034014,0.5640678146258503,0.4012011054421768,-0.14803890306122458,0.014827806122448939
1,1-2-3-4-5-6|7,corr,2,4,event_union,all32,car_only,0.0,expanded,FirstDigitTouch,0.7177012056044315,0.6103372434017595,0.8076735092864125,0.08997230368198095,-0.10736396220267197
1,1-2-3-4-5-6|7,corr,2,4,event_union,all32,car_only,0.0,expanded,BothStartLoadPhase,0.7120541700187717,0.4981563421828909,0.6726334137838562,-0.03942075623491548,-0.2138978278358808
1,1-2-3-4-5-6|7,corr,2,4,event_union,all32,car_only,0.0,expanded,LiftOff,0.711553314251965,0.587251828631139,0.675934759892781,-0.03561855435918404,-0.12430148562082599
1,1-2-3-4-5-6|7,corr,2,4,event_union,all32,car_only,0.0,expanded,Replace,0.7602487562189055,0.6652985074626865,0.7495771144278607,-0.01067164179104485,-0.09495024875621905
1,1-2-3-4-5-6|7,corr,2,4,event_union,all32,car_only,0.0,expanded,BothReleased,0.684603057199211,0.5098619329388561,0.6664509368836292,-0.018152120315581777,-0.17474112426035493
2,1-2-3-4-5-6|7,corr,2,4,event_union,all32,car_only,500.0,expanded,HandStart,0.7747234604589731,0.5685707996257773,0.7057949479940565,-0.0689285124649166,-0.20615266083319583
2,1-2-3-4-5-6|7,corr,2,4,event_union,all32,car_only,500.0,expanded,FirstDigitTouch,0.6223855285472019,0.547921270363328,0.6359525155455059,0.013566986998304054,-0.07446425818387381
2,1-2-3-4-5-6|7,corr,2,4,event_union,all32,car_only,500.0,expanded,BothStartLoadPhase,0.5409443618953278,0.4960926751417093,0.5267734301909636,-0.014170931704364231,-0.0448516867536185
2,1-2-3-4-5-6|7,corr,2,4,event_union,all32,car_only,500.0,expanded,LiftOff,0.6804117357001972,0.4139546351084812,0.6391765285996056,-0.04123520710059159,-0.266457100591716
2,1-2-3-4-5-6|7,corr,2,4,event_union,all32,car_only,500.0,expanded,Replace,0.6295588629659425,0.5123692679002413,0.661906677393403,0.032347814427460486,-0.11718959506570126
2,1-2-3-4-5-6|7,corr,2,4,event_union,all32,car_only,500.0,expanded,BothReleased,0.6378019921853503,0.5441637774475813,0.6364536899455177,-0.0013483022398326217,-0.09363821473776901
3,1-2-3-4-5-6|7,corr,2,4,event_union,all32,bandpass_0_5_48,0.0,expanded,HandStart,0.6922300170068028,0.5344919217687074,0.7157738095238096,0.02354379251700689,-0.15773809523809534
3,1-2-3-4-5-6|7,corr,2,4,event_union,all32,bandpass_0_5_48,0.0,expanded,FirstDigitTouch,0.7245030954708374,0.6232893450635386,0.7521179537308569,0.027614858260019526,-0.10121375040729874
3,1-2-3-4-5-6|7,corr,2,4,event_union,all32,bandpass_0_5_48,0.0,expanded,BothStartLoadPhase,0.6591579511933494,0.5514212925717351,0.6986457495307052,0.03948779833735583,-0.1077366586216143
3,1-2-3-4-5-6|7,corr,2,4,event_union,all32,bandpass_0_5_48,0.0,expanded,LiftOff,0.6379537503975284,0.675094271046295,0.6872700013629549,0.04931625096542647,0.037140520648766606
3,1-2-3-4-5-6|7,corr,2,4,event_union,all32,bandpass_0_5_48,0.0,expanded,Replace,0.6800995024875621,0.5195273631840797,0.7006467661691542,0.0205472636815921,-0.16057213930348246
3,1-2-3-4-5-6|7,corr,2,4,event_union,all32,bandpass_0_5_48,0.0,expanded,BothReleased,0.6064472386587771,0.4757766272189349,0.5779709072978303,-0.02847633136094685,-0.13067061143984227
4,1-2-3-4-5-6|7,corr,2,4,event_union,all32,bandpass_0_5_48,500.0,expanded,HandStart,0.777337515821914,0.545402014198448,0.7733201254746573,-0.004017390347256677,-0.231935501623466
4,1-2-3-4-5-6|7,corr,2,4,event_union,all32,bandpass_0_5_48,500.0,expanded,FirstDigitTouch,0.7329513335731538,0.5397245490518526,0.6472069479418263,-0.08574438563132747,-0.19322678452130115
4,1-2-3-4-5-6|7,corr,2,4,event_union,all32,bandpass_0_5_48,500.0,expanded,BothStartLoadPhase,0.5704969456826812,0.4733916680424853,0.6223102746133949,0.051813328930713776,-0.09710527764019589
4,1-2-3-4-5-6|7,corr,2,4,event_union,all32,bandpass_0_5_48,500.0,expanded,LiftOff,0.7288276627218935,0.6209935897435898,0.6872534516765286,-0.04157421104536485,-0.10783407297830372
4,1-2-3-4-5-6|7,corr,2,4,event_union,all32,bandpass_0_5_48,500.0,expanded,Replace,0.7095736122284795,0.6509452936444086,0.6625435773665862,-0.04703003486189328,-0.058628318584070915
4,1-2-3-4-5-6|7,corr,2,4,event_union,all32,bandpass_0_5_48,500.0,expanded,BothReleased,0.5957019426558802,0.6887898299488195,0.6565406416818006,0.06083869902592043,0.09308788729293938
5,1-2-3-4-5-6|7,corr,2,4,event_union,no_fp1_fp2,car_only,0.0,expanded,HandStart,0.5102572278911565,0.5640678146258503,0.5027104591836735,-0.007546768707482943,0.053810586734693855
5,1-2-3-4-5-6|7,corr,2,4,event_union,no_fp1_fp2,car_only,0.0,expanded,FirstDigitTouch,0.8182632779406973,0.6103372434017595,0.7966357119582926,-0.021627565982404673,-0.20792603453893777
5,1-2-3-4-5-6|7,corr,2,4,event_union,no_fp1_fp2,car_only,0.0,expanded,BothStartLoadPhase,0.6299946366318048,0.4981563421828909,0.7048471440064361,0.07485250737463134,-0.13183829444891387
5,1-2-3-4-5-6|7,corr,2,4,event_union,no_fp1_fp2,car_only,0.0,expanded,LiftOff,0.659102267048294,0.587251828631139,0.6732088501203944,0.014106583072100443,-0.071850438417155
5,1-2-3-4-5-6|7,corr,2,4,event_union,no_fp1_fp2,car_only,0.0,expanded,Replace,0.7008706467661692,0.6652985074626865,0.728134328358209,0.027263681592039846,-0.035572139303482686
5,1-2-3-4-5-6|7,corr,2,4,event_union,no_fp1_fp2,car_only,0.0,expanded,BothReleased,0.6403168145956608,0.5098619329388561,0.6513190335305721,0.011002218934911268,-0.13045488165680474
6,1-2-3-4-5-6|7,corr,2,4,event_union,no_fp1_fp2,car_only,500.0,expanded,HandStart,0.7591767101425348,0.5685707996257773,0.7770073193550162,0.017830609212481363,-0.19060591051675757
6,1-2-3-4-5-6|7,corr,2,4,event_union,no_fp1_fp2,car_only,500.0,expanded,FirstDigitTouch,0.6494167223392775,0.547921270363328,0.6511125957140653,0.0016958733747878263,-0.10149545197594945
6,1-2-3-4-5-6|7,corr,2,4,event_union,no_fp1_fp2,car_only,500.0,expanded,BothStartLoadPhase,0.5436684827472347,0.4960926751417093,0.5302404930933905,-0.013427989653844175,-0.04757580760552538
6,1-2-3-4-5-6|7,corr,2,4,event_union,no_fp1_fp2,car_only,500.0,expanded,LiftOff,0.6127958579881656,0.4139546351084812,0.6569588264299804,0.044162968441814776,-0.19884122287968442
6,1-2-3-4-5-6|7,corr,2,4,event_union,no_fp1_fp2,car_only,500.0,expanded,Replace,0.5969093590775005,0.5123692679002413,0.5638911236256369,-0.033018235451863664,-0.08454009117725925
6,1-2-3-4-5-6|7,corr,2,4,event_union,no_fp1_fp2,car_only,500.0,expanded,BothReleased,0.598536128996753,0.5441637774475813,0.6255847229101315,0.027048593913378438,-0.05437235154917175
7,1-2-3-4-5-6|7,corr,2,4,event_union,no_fp1_fp2,bandpass_0_5_48,0.0,expanded,HandStart,0.6614583333333334,0.5344919217687074,0.632095025510204,-0.029363307823129348,-0.12696641156462596
7,1-2-3-4-5-6|7,corr,2,4,event_union,no_fp1_fp2,bandpass_0_5_48,0.0,expanded,FirstDigitTouch,0.7796106223525578,0.6232893450635386,0.7280058651026393,-0.05160475724991853,-0.15632127728901923
7,1-2-3-4-5-6|7,corr,2,4,event_union,no_fp1_fp2,bandpass_0_5_48,0.0,expanded,BothStartLoadPhase,0.6569790828640386,0.5514212925717351,0.622787610619469,-0.03419147224456964,-0.1055577902923035
7,1-2-3-4-5-6|7,corr,2,4,event_union,no_fp1_fp2,bandpass_0_5_48,0.0,expanded,LiftOff,0.670233065285539,0.675094271046295,0.6823179319431194,0.012084866657580351,0.004861205760755993
7,1-2-3-4-5-6|7,corr,2,4,event_union,no_fp1_fp2,bandpass_0_5_48,0.0,expanded,Replace,0.6582587064676617,0.5195273631840797,0.6790796019900497,0.020820895522387972,-0.13873134328358205
7,1-2-3-4-5-6|7,corr,2,4,event_union,no_fp1_fp2,bandpass_0_5_48,0.0,expanded,BothReleased,0.5293084319526626,0.4757766272189349,0.5622534516765286,0.03294501972386599,-0.05353180473372776
8,1-2-3-4-5-6|7,corr,2,4,event_union,no_fp1_fp2,bandpass_0_5_48,500.0,expanded,HandStart,0.7510043475868141,0.545402014198448,0.7730999944967256,0.022095646909911504,-0.2056023333883661
8,1-2-3-4-5-6|7,corr,2,4,event_union,no_fp1_fp2,bandpass_0_5_48,500.0,expanded,FirstDigitTouch,0.6744693971941003,0.5397245490518526,0.6997533275091218,0.02528393031502152,-0.13474484814224763
8,1-2-3-4-5-6|7,corr,2,4,event_union,no_fp1_fp2,bandpass_0_5_48,500.0,expanded,BothStartLoadPhase,0.6553024049309338,0.4733916680424853,0.6131198062847394,-0.04218259864619445,-0.18191073688844855
8,1-2-3-4-5-6|7,corr,2,4,event_union,no_fp1_fp2,bandpass_0_5_48,500.0,expanded,LiftOff,0.6624753451676529,0.6209935897435898,0.6386834319526626,-0.0237919132149903,-0.04148175542406318
8,1-2-3-4-5-6|7,corr,2,4,event_union,no_fp1_fp2,bandpass_0_5_48,500.0,expanded,Replace,0.5925181013676588,0.6509452936444086,0.6279833735585949,0.03546527219093609,0.05842719227674975
8,1-2-3-4-5-6|7,corr,2,4,event_union,no_fp1_fp2,bandpass_0_5_48,500.0,expanded,BothReleased,0.6208243905123548,0.6887898299488195,0.6726927521875516,0.05186836167519682,0.06796543943646471
9,1-2-3-4-5-6|7,corr,2,4,event_union,motor_premotor,car_only,0.0,expanded,HandStart,0.609375,0.5270248724489796,0.6887223639455783,0.07934736394557829,-0.08235012755102045
9,1-2-3-4-5-6|7,corr,2,4,event_union,motor_premotor,car_only,0.0,expanded,FirstDigitTouch,0.6516373411534702,0.543743890518084,0.6848321928967089,0.033194851743238774,-0.10789345063538613
9,1-2-3-4-5-6|7,corr,2,4,event_union,motor_premotor,car_only,0.0,expanded,BothStartLoadPhase,0.6556382408152319,0.563488871010995,0.6484982569053366,-0.007139983909895342,-0.09214936980423694
9,1-2-3-4-5-6|7,corr,2,4,event_union,motor_premotor,car_only,0.0,expanded,LiftOff,0.6561264822134388,0.555449547953296,0.6482213438735178,-0.007905138339921014,-0.10067693426014279
9,1-2-3-4-5-6|7,corr,2,4,event_union,motor_premotor,car_only,0.0,expanded,Replace,0.6397761194029851,0.6225373134328358,0.6321393034825871,-0.007636815920397999,-0.017238805970149262
9,1-2-3-4-5-6|7,corr,2,4,event_union,motor_premotor,car_only,0.0,expanded,BothReleased,0.6611809664694279,0.4623705621301775,0.5746425049309665,-0.08653846153846145,-0.1988104043392504
10,1-2-3-4-5-6|7,corr,2,4,event_union,motor_premotor,car_only,500.0,expanded,HandStart,0.4530020362115459,0.519233944196797,0.5771008750206373,0.12409883880909145,0.06623190798525114
10,1-2-3-4-5-6|7,corr,2,4,event_union,motor_premotor,car_only,500.0,expanded,FirstDigitTouch,0.6030371550439385,0.5266457680250785,0.5925021840793464,-0.010534970964592105,-0.07639138701886006
10,1-2-3-4-5-6|7,corr,2,4,event_union,motor_premotor,car_only,500.0,expanded,BothStartLoadPhase,0.5237466292444004,0.465411920092455,0.5214902867205987,-0.002256342523801691,-0.058334709151945385
10,1-2-3-4-5-6|7,corr,2,4,event_union,motor_premotor,car_only,500.0,expanded,LiftOff,0.588819033530572,0.5749506903353058,0.6219489644970415,0.033129930966469545,-0.013868343195266197
10,1-2-3-4-5-6|7,corr,2,4,event_union,motor_premotor,car_only,500.0,expanded,Replace,0.6069321533923304,0.5379793510324484,0.6564427460445159,0.04951059265218549,-0.06895280235988199
10,1-2-3-4-5-6|7,corr,2,4,event_union,motor_premotor,car_only,500.0,expanded,BothReleased,0.5707445930328545,0.6425623245831269,0.5841450663144572,0.013400473281602654,0.07181773155027238
11,1-2-3-4-5-6|7,corr,2,4,event_union,motor_premotor,bandpass_0_5_48,0.0,expanded,HandStart,0.6119791666666667,0.7096619897959184,0.7062606292517006,0.09428146258503389,0.0976828231292517
11,1-2-3-4-5-6|7,corr,2,4,event_union,motor_premotor,bandpass_0_5_48,0.0,expanded,FirstDigitTouch,0.7185972629521017,0.6127403062886934,0.6628787878787878,-0.055718475073313845,-0.10585695666340833
11,1-2-3-4-5-6|7,corr,2,4,event_union,motor_premotor,bandpass_0_5_48,0.0,expanded,BothStartLoadPhase,0.5275878251541968,0.6508447304907482,0.5765285599356396,0.048940734781442785,0.12325690533655143
11,1-2-3-4-5-6|7,corr,2,4,event_union,motor_premotor,bandpass_0_5_48,0.0,expanded,LiftOff,0.5602198900549725,0.5423651810458407,0.612943528235882,0.05272363818090953,-0.017854709009131775
11,1-2-3-4-5-6|7,corr,2,4,event_union,motor_premotor,bandpass_0_5_48,0.0,expanded,Replace,0.7036567164179104,0.5545273631840797,0.7416915422885573,0.03803482587064688,-0.1491293532338307
11,1-2-3-4-5-6|7,corr,2,4,event_union,motor_premotor,bandpass_0_5_48,0.0,expanded,BothReleased,0.5517751479289941,0.5772928994082841,0.604844674556213,0.05306952662721898,0.02551775147929003
12,1-2-3-4-5-6|7,corr,2,4,event_union,motor_premotor,bandpass_0_5_48,500.0,expanded,HandStart,0.7487755214352539,0.545457046942931,0.7011446810852456,-0.04763084035000831,-0.203318474492323
12,1-2-3-4-5-6|7,corr,2,4,event_union,motor_premotor,bandpass_0_5_48,500.0,expanded,FirstDigitTouch,0.6970553471401407,0.5363071072511435,0.637648388920294,-0.05940695821984676,-0.16074823988899722
12,1-2-3-4-5-6|7,corr,2,4,event_union,motor_premotor,bandpass_0_5_48,500.0,expanded,BothStartLoadPhase,0.5950140333498432,0.4599361620163998,0.6260525012382367,0.031038467888393595,-0.13507787133344334
12,1-2-3-4-5-6|7,corr,2,4,event_union,motor_premotor,bandpass_0_5_48,500.0,expanded,LiftOff,0.5298323471400395,0.6092209072978304,0.6058000493096647,0.07596770216962523,0.07938856015779094
12,1-2-3-4-5-6|7,corr,2,4,event_union,motor_premotor,bandpass_0_5_48,500.0,expanded,Replace,0.4836417270045589,0.5543041029766693,0.5331858407079646,0.04954411370340572,0.07066237597211045
12,1-2-3-4-5-6|7,corr,2,4,event_union,motor_premotor,bandpass_0_5_48,500.0,expanded,BothReleased,0.5618017720543724,0.4093335534643112,0.5781464971658136,0.01634472511144114,-0.1524682185900612
13,1-2-3-4-5-6|7,corr,2,4,event_union,ocular_proxy_only,car_only,0.0,expanded,HandStart,0.6121917517006803,0.4141953656462585,0.5043048469387754,-0.10788690476190488,-0.19799638605442182
13,1-2-3-4-5-6|7,corr,2,4,event_union,ocular_proxy_only,car_only,0.0,expanded,FirstDigitTouch,0.6970104268491366,0.6054903877484523,0.7469859889214727,0.04997556207233611,-0.09152003910068429
13,1-2-3-4-5-6|7,corr,2,4,event_union,ocular_proxy_only,car_only,0.0,expanded,BothStartLoadPhase,0.6517833199249128,0.7309600429069455,0.6308661839635291,-0.02091713596138367,0.07917672298203271
13,1-2-3-4-5-6|7,corr,2,4,event_union,ocular_proxy_only,car_only,0.0,expanded,LiftOff,0.6777974649039117,0.4432556449048203,0.5698514379174049,-0.1079460269865068,-0.2345418199990914
13,1-2-3-4-5-6|7,corr,2,4,event_union,ocular_proxy_only,car_only,0.0,expanded,Replace,0.7685820895522388,0.464228855721393,0.8204726368159204,0.051890547263681586,-0.30435323383084584
13,1-2-3-4-5-6|7,corr,2,4,event_union,ocular_proxy_only,car_only,0.0,expanded,BothReleased,0.5646264792899408,0.439534023668639,0.7139731262327416,0.14934664694280075,-0.12509245562130183
14,1-2-3-4-5-6|7,corr,2,4,event_union,ocular_proxy_only,car_only,500.0,expanded,HandStart,0.8068900996092675,0.6002696604479665,0.7898849815640306,-0.017005118045236856,-0.20662043916130102
14,1-2-3-4-5-6|7,corr,2,4,event_union,ocular_proxy_only,car_only,500.0,expanded,FirstDigitTouch,0.6205868749678812,0.5738732720078114,0.612929749730202,-0.007657125237679252,-0.04671360296006988
14,1-2-3-4-5-6|7,corr,2,4,event_union,ocular_proxy_only,car_only,500.0,expanded,BothStartLoadPhase,0.4672830334048758,0.4034450498046337,0.4657971493038357,-0.0014858841010401136,-0.06383798360024212
14,1-2-3-4-5-6|7,corr,2,4,event_union,ocular_proxy_only,car_only,500.0,expanded,LiftOff,0.5961846646942801,0.5993281558185405,0.5763683431952663,-0.0198163214990138,0.003143491124260378
14,1-2-3-4-5-6|7,corr,2,4,event_union,ocular_proxy_only,car_only,500.0,expanded,Replace,0.7586149101635827,0.4943014212925717,0.7411169214266559,-0.017497988736926873,-0.264313488871011
14,1-2-3-4-5-6|7,corr,2,4,event_union,ocular_proxy_only,car_only,500.0,expanded,BothReleased,0.6183754333828627,0.4868746904408123,0.7289912497936273,0.11061581641076457,-0.13150074294205044
15,1-2-3-4-5-6|7,corr,2,4,event_union,ocular_proxy_only,bandpass_0_5_48,0.0,expanded,HandStart,0.541188350340136,0.4155505952380952,0.5190529336734694,-0.02213541666666663,-0.12563775510204084
15,1-2-3-4-5-6|7,corr,2,4,event_union,ocular_proxy_only,bandpass_0_5_48,0.0,expanded,FirstDigitTouch,0.6507005539263604,0.6779895731508635,0.7887748452264582,0.13807429130009785,0.027289019224503108
15,1-2-3-4-5-6|7,corr,2,4,event_union,ocular_proxy_only,bandpass_0_5_48,0.0,expanded,BothStartLoadPhase,0.5616116921426656,0.5333199249128453,0.7052158755698578,0.14360418342719217,-0.028291767229820297
15,1-2-3-4-5-6|7,corr,2,4,event_union,ocular_proxy_only,bandpass_0_5_48,0.0,expanded,LiftOff,0.4609513425105629,0.4100449775112443,0.4158375357775657,-0.0451138067329972,-0.05090636499931861
15,1-2-3-4-5-6|7,corr,2,4,event_union,ocular_proxy_only,bandpass_0_5_48,0.0,expanded,Replace,0.7378855721393034,0.6696268656716419,0.6992039800995025,-0.03868159203980093,-0.06825870646766152
15,1-2-3-4-5-6|7,corr,2,4,event_union,ocular_proxy_only,bandpass_0_5_48,0.0,expanded,BothReleased,0.5808986686390533,0.4700135601577909,0.5007396449704142,-0.08015902366863903,-0.11088510848126237
16,1-2-3-4-5-6|7,corr,2,4,event_union,ocular_proxy_only,bandpass_0_5_48,500.0,expanded,HandStart,0.5753673435694239,0.4293654724561114,0.576743162181498,0.0013758186120741422,-0.14600187111331248
16,1-2-3-4-5-6|7,corr,2,4,event_union,ocular_proxy_only,bandpass_0_5_48,500.0,expanded,FirstDigitTouch,0.6815355362557172,0.7129348887404285,0.7702605478184901,0.0887250115627729,0.031399352484711374
16,1-2-3-4-5-6|7,corr,2,4,event_union,ocular_proxy_only,bandpass_0_5_48,500.0,expanded,BothStartLoadPhase,0.5976005723405426,0.485553904573221,0.6191183754333829,0.021517803092840238,-0.11204666776732164
16,1-2-3-4-5-6|7,corr,2,4,event_union,ocular_proxy_only,bandpass_0_5_48,500.0,expanded,LiftOff,0.6458949704142012,0.6181582840236687,0.6764361439842209,0.03054117357001973,-0.027736686390532506
16,1-2-3-4-5-6|7,corr,2,4,event_union,ocular_proxy_only,bandpass_0_5_48,500.0,expanded,Replace,0.5013408420488066,0.4583668543845535,0.4202198980960043,-0.08112094395280228,-0.04297398766425309
16,1-2-3-4-5-6|7,corr,2,4,event_union,ocular_proxy_only,bandpass_0_5_48,500.0,expanded,BothReleased,0.5396235760277365,0.4357492708161355,0.5492267899400143,0.009603213912277808,-0.10387430521160096
17,1-2-3-4-5-6|7,corr,2,8,event_union,all32,car_only,0.0,expanded,HandStart,0.5492400085034014,0.5965136054421769,0.5296821853741496,-0.019557823129251806,0.04727359693877553
17,1-2-3-4-5-6|7,corr,2,8,event_union,all32,car_only,0.0,expanded,FirstDigitTouch,0.7177012056044315,0.7913815575105898,0.8236396220267189,0.10593841642228741,0.07368035190615829
17,1-2-3-4-5-6|7,corr,2,8,event_union,all32,car_only,0.0,expanded,BothStartLoadPhase,0.7120541700187717,0.6218155001340842,0.7705819254491821,0.058527755430410444,-0.09023866988468754
17,1-2-3-4-5-6|7,corr,2,8,event_union,all32,car_only,0.0,expanded,LiftOff,0.711553314251965,0.6361591931307073,0.7187769751487891,0.007223660896824136,-0.07539412112125765
17,1-2-3-4-5-6|7,corr,2,8,event_union,all32,car_only,0.0,expanded,Replace,0.7602487562189055,0.6436069651741294,0.7574129353233832,-0.0028358208955223674,-0.11664179104477612
17,1-2-3-4-5-6|7,corr,2,8,event_union,all32,car_only,0.0,expanded,BothReleased,0.684603057199211,0.4473927514792899,0.7145586785009862,0.029955621301775204,-0.23721030571992108
18,1-2-3-4-5-6|7,corr,2,8,event_union,all32,car_only,500.0,expanded,HandStart,0.7747234604589731,0.6852677343019096,0.7476748665455946,-0.02704859391337855,-0.08945572615706354
18,1-2-3-4-5-6|7,corr,2,8,event_union,all32,car_only,500.0,expanded,FirstDigitTouch,0.6223855285472019,0.5466879079089367,0.5470476386248009,-0.07533788992240098,-0.07569762063826513
18,1-2-3-4-5-6|7,corr,2,8,event_union,all32,car_only,500.0,expanded,BothStartLoadPhase,0.5409443618953278,0.401463871003247,0.5275438886137251,-0.013400473281602654,-0.1394804908920808
18,1-2-3-4-5-6|7,corr,2,8,event_union,all32,car_only,500.0,expanded,LiftOff,0.6804117357001972,0.5054240631163708,0.6655263806706114,-0.014885355029585767,-0.17498767258382641
18,1-2-3-4-5-6|7,corr,2,8,event_union,all32,car_only,500.0,expanded,Replace,0.6295588629659425,0.6038482166800752,0.6849691606328776,0.05541029766693506,-0.02571064628586739
18,1-2-3-4-5-6|7,corr,2,8,event_union,all32,car_only,500.0,expanded,BothReleased,0.6378019921853503,0.5950690660943261,0.6050299928457432,-0.03277199933960706,-0.04273292609102419
19,1-2-3-4-5-6|7,corr,2,8,event_union,all32,bandpass_0_5_48,0.0,expanded,HandStart,0.6922300170068028,0.7085724914965986,0.7147108843537415,0.02248086734693877,0.016342474489795866
19,1-2-3-4-5-6|7,corr,2,8,event_union,all32,bandpass_0_5_48,0.0,expanded,FirstDigitTouch,0.7245030954708374,0.6103372434017595,0.8794395568589117,0.15493646138807438,-0.11416585206907781
19,1-2-3-4-5-6|7,corr,2,8,event_union,all32,bandpass_0_5_48,0.0,expanded,BothStartLoadPhase,0.6591579511933494,0.5214534727809064,0.786906677393403,0.12774872620005362,-0.13770447841244304
19,1-2-3-4-5-6|7,corr,2,8,event_union,all32,bandpass_0_5_48,0.0,expanded,LiftOff,0.6379537503975284,0.5295988369451637,0.7145972468311298,0.07664349643360135,-0.1083549134523647
19,1-2-3-4-5-6|7,corr,2,8,event_union,all32,bandpass_0_5_48,0.0,expanded,Replace,0.6800995024875621,0.5855472636815922,0.6606965174129352,-0.0194029850746269,-0.09455223880596997
19,1-2-3-4-5-6|7,corr,2,8,event_union,all32,bandpass_0_5_48,0.0,expanded,BothReleased,0.6064472386587771,0.4873643984220906,0.5541173570019724,-0.052329881656804744,-0.11908284023668653
20,1-2-3-4-5-6|7,corr,2,8,event_union,all32,bandpass_0_5_48,500.0,expanded,HandStart,0.777337515821914,0.5872544163777447,0.7502889219085356,-0.027048593913378438,-0.19008309944416935
20,1-2-3-4-5-6|7,corr,2,8,event_union,all32,bandpass_0_5_48,500.0,expanded,FirstDigitTouch,0.7329513335731538,0.4479418264042346,0.7340305257207462,0.0010791921475924449,-0.2850095071689192
20,1-2-3-4-5-6|7,corr,2,8,event_union,all32,bandpass_0_5_48,500.0,expanded,BothStartLoadPhase,0.5704969456826812,0.4681360409443619,0.5820813383963459,0.011584392713664737,-0.10236090473831927
20,1-2-3-4-5-6|7,corr,2,8,event_union,all32,bandpass_0_5_48,500.0,expanded,LiftOff,0.7288276627218935,0.6576368343195266,0.6847263313609467,-0.04410133136094674,-0.0711908284023669
20,1-2-3-4-5-6|7,corr,2,8,event_union,all32,bandpass_0_5_48,500.0,expanded,Replace,0.7095736122284795,0.5207830517565031,0.6524872620005362,-0.05708635022794328,-0.1887905604719764
20,1-2-3-4-5-6|7,corr,2,8,event_union,all32,bandpass_0_5_48,500.0,expanded,BothReleased,0.5957019426558802,0.6123218314897364,0.7123163282152881,0.11661438555940795,0.016619888833856233
21,1-2-3-4-5-6|7,corr,2,8,event_union,no_fp1_fp2,car_only,0.0,expanded,HandStart,0.5102572278911565,0.6489158163265307,0.5105495323129252,0.00029230442176875204,0.13865858843537426
21,1-2-3-4-5-6|7,corr,2,8,event_union,no_fp1_fp2,car_only,0.0,expanded,FirstDigitTouch,0.8182632779406973,0.7663734115347018,0.8003014011078526,-0.01796187683284467,-0.051889866405995466
21,1-2-3-4-5-6|7,corr,2,8,event_union,no_fp1_fp2,car_only,0.0,expanded,BothStartLoadPhase,0.6299946366318048,0.6186310002681683,0.6521185304371145,0.02212389380530977,-0.011363636363636465
21,1-2-3-4-5-6|7,corr,2,8,event_union,no_fp1_fp2,car_only,0.0,expanded,LiftOff,0.659102267048294,0.649993185225569,0.6842033528690201,0.02510108582072612,-0.009109081822724963
21,1-2-3-4-5-6|7,corr,2,8,event_union,no_fp1_fp2,car_only,0.0,expanded,Replace,0.7008706467661692,0.6691293532338308,0.747910447761194,0.047039800995024805,-0.031741293532338344
21,1-2-3-4-5-6|7,corr,2,8,event_union,no_fp1_fp2,car_only,0.0,expanded,BothReleased,0.6403168145956608,0.4289324457593688,0.6380054240631163,-0.0023113905325444772,-0.21138436883629202
22,1-2-3-4-5-6|7,corr,2,8,event_union,no_fp1_fp2,car_only,500.0,expanded,HandStart,0.7591767101425348,0.6933575477409059,0.7327059600462276,-0.026470750096307283,-0.065819162401629
22,1-2-3-4-5-6|7,corr,2,8,event_union,no_fp1_fp2,car_only,500.0,expanded,FirstDigitTouch,0.6494167223392775,0.5498740942494476,0.6450228685955085,-0.004393853743768994,-0.09954262808982994
22,1-2-3-4-5-6|7,corr,2,8,event_union,no_fp1_fp2,car_only,500.0,expanded,BothStartLoadPhase,0.5436684827472347,0.5332948104121953,0.5428705079522316,-0.000797974795003098,-0.010373672335039386
22,1-2-3-4-5-6|7,corr,2,8,event_union,no_fp1_fp2,car_only,500.0,expanded,LiftOff,0.6127958579881656,0.5624383629191321,0.7474728796844182,0.13467702169625262,-0.05035749506903353
22,1-2-3-4-5-6|7,corr,2,8,event_union,no_fp1_fp2,car_only,500.0,expanded,Replace,0.5969093590775005,0.6582864038616251,0.6684097613301153,0.07150040225261478,0.061377044784124535
22,1-2-3-4-5-6|7,corr,2,8,event_union,no_fp1_fp2,car_only,500.0,expanded,BothReleased,0.598536128996753,0.5980408342964063,0.666804248527874,0.068268119531121,-0.0004952947003467045
23,1-2-3-4-5-6|7,corr,2,8,event_union,no_fp1_fp2,bandpass_0_5_48,0.0,expanded,HandStart,0.6614583333333334,0.6100659013605443,0.6630527210884354,0.0015943877551020114,-0.05139243197278909
23,1-2-3-4-5-6|7,corr,2,8,event_union,no_fp1_fp2,bandpass_0_5_48,0.0,expanded,FirstDigitTouch,0.7796106223525578,0.6256924079504724,0.8212772890192245,0.04166666666666663,-0.15391821440208542
23,1-2-3-4-5-6|7,corr,2,8,event_union,no_fp1_fp2,bandpass_0_5_48,0.0,expanded,BothStartLoadPhase,0.6569790828640386,0.5859479753285063,0.6362630732099758,-0.02071600965406284,-0.07103110753553232
23,1-2-3-4-5-6|7,corr,2,8,event_union,no_fp1_fp2,bandpass_0_5_48,0.0,expanded,LiftOff,0.670233065285539,0.6638953250647404,0.6900186270501113,0.019785561764572246,-0.006337740220798693
23,1-2-3-4-5-6|7,corr,2,8,event_union,no_fp1_fp2,bandpass_0_5_48,0.0,expanded,Replace,0.6582587064676617,0.476044776119403,0.6059950248756218,-0.05226368159203987,-0.18221393034825872
23,1-2-3-4-5-6|7,corr,2,8,event_union,no_fp1_fp2,bandpass_0_5_48,0.0,expanded,BothReleased,0.5293084319526626,0.4575628698224852,0.4661304240631163,-0.06317800788954636,-0.07174556213017746
24,1-2-3-4-5-6|7,corr,2,8,event_union,no_fp1_fp2,bandpass_0_5_48,500.0,expanded,HandStart,0.7510043475868141,0.629712178746354,0.7530130427604426,0.0020086951736284497,-0.12129216884046012
24,1-2-3-4-5-6|7,corr,2,8,event_union,no_fp1_fp2,bandpass_0_5_48,500.0,expanded,FirstDigitTouch,0.6744693971941003,0.570584305462768,0.6546328177193073,-0.019836579474793004,-0.10388509173133231
24,1-2-3-4-5-6|7,corr,2,8,event_union,no_fp1_fp2,bandpass_0_5_48,500.0,expanded,BothStartLoadPhase,0.6553024049309338,0.5046502669088108,0.6691981729128832,0.013895767981949358,-0.15065213802212307
24,1-2-3-4-5-6|7,corr,2,8,event_union,no_fp1_fp2,bandpass_0_5_48,500.0,expanded,LiftOff,0.6624753451676529,0.6213017751479291,0.6505177514792899,-0.011957593688363022,-0.04117357001972388
24,1-2-3-4-5-6|7,corr,2,8,event_union,no_fp1_fp2,bandpass_0_5_48,500.0,expanded,Replace,0.5925181013676588,0.580852775543041,0.5875569857870744,-0.00496111558058443,-0.011665325824617767
24,1-2-3-4-5-6|7,corr,2,8,event_union,no_fp1_fp2,bandpass_0_5_48,500.0,expanded,BothReleased,0.6208243905123548,0.613780199218535,0.713389466732706,0.09256507622035115,-0.007044191293819835
25,1-2-3-4-5-6|7,corr,2,8,event_union,motor_premotor,car_only,0.0,expanded,HandStart,0.609375,0.6264083758503401,0.5777529761904763,-0.031622023809523725,0.01703337585034015
25,1-2-3-4-5-6|7,corr,2,8,event_union,motor_premotor,car_only,0.0,expanded,FirstDigitTouch,0.6516373411534702,0.640355164548713,0.6528592375366569,0.0012218963831867047,-0.011282176604757166
25,1-2-3-4-5-6|7,corr,2,8,event_union,motor_premotor,car_only,0.0,expanded,BothStartLoadPhase,0.6556382408152319,0.5701930812550282,0.5572874765352641,-0.0983507642799678,-0.08544515956020371
25,1-2-3-4-5-6|7,corr,2,8,event_union,motor_premotor,car_only,0.0,expanded,LiftOff,0.6561264822134388,0.480964063422834,0.5696015628549362,-0.0865249193585026,-0.17516241879060485
25,1-2-3-4-5-6|7,corr,2,8,event_union,motor_premotor,car_only,0.0,expanded,Replace,0.6397761194029851,0.5712437810945273,0.653681592039801,0.013905472636815963,-0.06853233830845773
25,1-2-3-4-5-6|7,corr,2,8,event_union,motor_premotor,car_only,0.0,expanded,BothReleased,0.6611809664694279,0.509430473372781,0.5514669625246549,-0.10971400394477304,-0.1517504930966469
26,1-2-3-4-5-6|7,corr,2,8,event_union,motor_premotor,car_only,500.0,expanded,HandStart,0.4530020362115459,0.5182983875405867,0.5389906994661824,0.0859886632546365,0.06529635132904077
26,1-2-3-4-5-6|7,corr,2,8,event_union,motor_premotor,car_only,500.0,expanded,FirstDigitTouch,0.6030371550439385,0.5346112338763553,0.5710211213320314,-0.03201603371190709,-0.06842592116758317
26,1-2-3-4-5-6|7,corr,2,8,event_union,motor_premotor,car_only,500.0,expanded,BothStartLoadPhase,0.5237466292444004,0.4406747014473611,0.5761928347366683,0.05244620549226786,-0.08307192779703931
26,1-2-3-4-5-6|7,corr,2,8,event_union,motor_premotor,car_only,500.0,expanded,LiftOff,0.588819033530572,0.4775024654832346,0.5616370808678501,-0.02718195266272183,-0.11131656804733736
26,1-2-3-4-5-6|7,corr,2,8,event_union,motor_premotor,car_only,500.0,expanded,Replace,0.6069321533923304,0.5122687047465808,0.614507910968088,0.007575757575757569,-0.0946634486457496
26,1-2-3-4-5-6|7,corr,2,8,event_union,motor_premotor,car_only,500.0,expanded,BothReleased,0.5707445930328545,0.559848109625227,0.5451818832205162,-0.025562709812338325,-0.0108964834076275
27,1-2-3-4-5-6|7,corr,2,8,event_union,motor_premotor,bandpass_0_5_48,0.0,expanded,HandStart,0.6119791666666667,0.6482249149659863,0.7115221088435374,0.09954294217687065,0.03624574829931959
27,1-2-3-4-5-6|7,corr,2,8,event_union,motor_premotor,bandpass_0_5_48,0.0,expanded,FirstDigitTouch,0.7185972629521017,0.6105408927989573,0.6565656565656566,-0.062031606386445115,-0.1080563701531444
27,1-2-3-4-5-6|7,corr,2,8,event_union,motor_premotor,bandpass_0_5_48,0.0,expanded,BothStartLoadPhase,0.5275878251541968,0.671996513810673,0.5694556181281845,0.04186779297398768,0.14440868865647627
27,1-2-3-4-5-6|7,corr,2,8,event_union,motor_premotor,bandpass_0_5_48,0.0,expanded,LiftOff,0.5602198900549725,0.5052246603970741,0.616782517831993,0.05656262777702048,-0.05499522965789838
27,1-2-3-4-5-6|7,corr,2,8,event_union,motor_premotor,bandpass_0_5_48,0.0,expanded,Replace,0.7036567164179104,0.5462437810945273,0.6592537313432836,-0.04440298507462681,-0.15741293532338307
27,1-2-3-4-5-6|7,corr,2,8,event_union,motor_premotor,bandpass_0_5_48,0.0,expanded,BothReleased,0.5517751479289941,0.6120870315581854,0.5545796351084813,0.002804487179487225,0.060311883629191376
28,1-2-3-4-5-6|7,corr,2,8,event_union,motor_premotor,bandpass_0_5_48,500.0,expanded,HandStart,0.7487755214352539,0.4967805844477463,0.6692807220296076,-0.0794947994056463,-0.25199493698750763
28,1-2-3-4-5-6|7,corr,2,8,event_union,motor_premotor,bandpass_0_5_48,500.0,expanded,FirstDigitTouch,0.6970553471401407,0.4704249961457423,0.6433783853229867,-0.05367696181715398,-0.22663035099439843
28,1-2-3-4-5-6|7,corr,2,8,event_union,motor_premotor,bandpass_0_5_48,500.0,expanded,BothStartLoadPhase,0.5950140333498432,0.4491222277254966,0.5400913543558418,-0.054922678994001384,-0.14589180562434656
28,1-2-3-4-5-6|7,corr,2,8,event_union,motor_premotor,bandpass_0_5_48,500.0,expanded,LiftOff,0.5298323471400395,0.5224975345167653,0.518860946745562,-0.010971400394477415,-0.007334812623274178
28,1-2-3-4-5-6|7,corr,2,8,event_union,motor_premotor,bandpass_0_5_48,500.0,expanded,Replace,0.4836417270045589,0.5792437650844732,0.5536672030034862,0.07002547599892728,0.0956020380799143
28,1-2-3-4-5-6|7,corr,2,8,event_union,motor_premotor,bandpass_0_5_48,500.0,expanded,BothReleased,0.5618017720543724,0.4631555775686533,0.6562929943316272,0.09449122227725482,-0.09864619448571915
29,1-2-3-4-5-6|7,corr,2,8,event_union,ocular_proxy_only,car_only,0.0,expanded,HandStart,0.6121917517006803,0.4141953656462585,0.5043048469387754,-0.10788690476190488,-0.19799638605442182
29,1-2-3-4-5-6|7,corr,2,8,event_union,ocular_proxy_only,car_only,0.0,expanded,FirstDigitTouch,0.6970104268491366,0.6054903877484523,0.7469859889214727,0.04997556207233611,-0.09152003910068429
29,1-2-3-4-5-6|7,corr,2,8,event_union,ocular_proxy_only,car_only,0.0,expanded,BothStartLoadPhase,0.6517833199249128,0.7309600429069455,0.6308661839635291,-0.02091713596138367,0.07917672298203271
29,1-2-3-4-5-6|7,corr,2,8,event_union,ocular_proxy_only,car_only,0.0,expanded,LiftOff,0.6777974649039117,0.4432556449048203,0.5698514379174049,-0.1079460269865068,-0.2345418199990914
29,1-2-3-4-5-6|7,corr,2,8,event_union,ocular_proxy_only,car_only,0.0,expanded,Replace,0.7685820895522388,0.464228855721393,0.8204726368159204,0.051890547263681586,-0.30435323383084584
29,1-2-3-4-5-6|7,corr,2,8,event_union,ocular_proxy_only,car_only,0.0,expanded,BothReleased,0.5646264792899408,0.439534023668639,0.7139731262327416,0.14934664694280075,-0.12509245562130183
30,1-2-3-4-5-6|7,corr,2,8,event_union,ocular_proxy_only,car_only,500.0,expanded,HandStart,0.8068900996092675,0.6002696604479665,0.7898849815640306,-0.017005118045236856,-0.20662043916130102
30,1-2-3-4-5-6|7,corr,2,8,event_union,ocular_proxy_only,car_only,500.0,expanded,FirstDigitTouch,0.6205868749678812,0.5738732720078114,0.612929749730202,-0.007657125237679252,-0.04671360296006988
30,1-2-3-4-5-6|7,corr,2,8,event_union,ocular_proxy_only,car_only,500.0,expanded,BothStartLoadPhase,0.4672830334048758,0.4034450498046337,0.4657971493038357,-0.0014858841010401136,-0.06383798360024212
30,1-2-3-4-5-6|7,corr,2,8,event_union,ocular_proxy_only,car_only,500.0,expanded,LiftOff,0.5961846646942801,0.5993281558185405,0.5763683431952663,-0.0198163214990138,0.003143491124260378
30,1-2-3-4-5-6|7,corr,2,8,event_union,ocular_proxy_only,car_only,500.0,expanded,Replace,0.7586149101635827,0.4943014212925717,0.7411169214266559,-0.017497988736926873,-0.264313488871011
30,1-2-3-4-5-6|7,corr,2,8,event_union,ocular_proxy_only,car_only,500.0,expanded,BothReleased,0.6183754333828627,0.4868746904408123,0.7289912497936273,0.11061581641076457,-0.13150074294205044
31,1-2-3-4-5-6|7,corr,2,8,event_union,ocular_proxy_only,bandpass_0_5_48,0.0,expanded,HandStart,0.541188350340136,0.4155505952380952,0.5190529336734694,-0.02213541666666663,-0.12563775510204084
31,1-2-3-4-5-6|7,corr,2,8,event_union,ocular_proxy_only,bandpass_0_5_48,0.0,expanded,FirstDigitTouch,0.6507005539263604,0.6779895731508635,0.7887748452264582,0.13807429130009785,0.027289019224503108
31,1-2-3-4-5-6|7,corr,2,8,event_union,ocular_proxy_only,bandpass_0_5_48,0.0,expanded,BothStartLoadPhase,0.5616116921426656,0.5333199249128453,0.7052158755698578,0.14360418342719217,-0.028291767229820297
31,1-2-3-4-5-6|7,corr,2,8,event_union,ocular_proxy_only,bandpass_0_5_48,0.0,expanded,LiftOff,0.4609513425105629,0.4100449775112443,0.4158375357775657,-0.0451138067329972,-0.05090636499931861
31,1-2-3-4-5-6|7,corr,2,8,event_union,ocular_proxy_only,bandpass_0_5_48,0.0,expanded,Replace,0.7378855721393034,0.6696268656716419,0.6992039800995025,-0.03868159203980093,-0.06825870646766152
31,1-2-3-4-5-6|7,corr,2,8,event_union,ocular_proxy_only,bandpass_0_5_48,0.0,expanded,BothReleased,0.5808986686390533,0.4700135601577909,0.5007396449704142,-0.08015902366863903,-0.11088510848126237
32,1-2-3-4-5-6|7,corr,2,8,event_union,ocular_proxy_only,bandpass_0_5_48,500.0,expanded,HandStart,0.5753673435694239,0.4293654724561114,0.576743162181498,0.0013758186120741422,-0.14600187111331248
32,1-2-3-4-5-6|7,corr,2,8,event_union,ocular_proxy_only,bandpass_0_5_48,500.0,expanded,FirstDigitTouch,0.6815355362557172,0.7129348887404285,0.7702605478184901,0.0887250115627729,0.031399352484711374
32,1-2-3-4-5-6|7,corr,2,8,event_union,ocular_proxy_only,bandpass_0_5_48,500.0,expanded,BothStartLoadPhase,0.5976005723405426,0.485553904573221,0.6191183754333829,0.021517803092840238,-0.11204666776732164
32,1-2-3-4-5-6|7,corr,2,8,event_union,ocular_proxy_only,bandpass_0_5_48,500.0,expanded,LiftOff,0.6458949704142012,0.6181582840236687,0.6764361439842209,0.03054117357001973,-0.027736686390532506
32,1-2-3-4-5-6|7,corr,2,8,event_union,ocular_proxy_only,bandpass_0_5_48,500.0,expanded,Replace,0.5013408420488066,0.4583668543845535,0.4202198980960043,-0.08112094395280228,-0.04297398766425309
32,1-2-3-4-5-6|7,corr,2,8,event_union,ocular_proxy_only,bandpass_0_5_48,500.0,expanded,BothReleased,0.5396235760277365,0.4357492708161355,0.5492267899400143,0.009603213912277808,-0.10387430521160096
33,1-2-3-4-5-6-7|8,corr,2,4,event_union,all32,car_only,0.0,expanded,HandStart,0.5740392497227447,0.5520999083851681,0.5319928636867737,-0.042046386035970995,-0.02193934133757658
33,1-2-3-4-5-6-7|8,corr,2,4,event_union,all32,car_only,0.0,expanded,FirstDigitTouch,0.7543845663265305,0.5912521258503401,0.7813031462585034,0.026918579931972886,-0.16313244047619035
33,1-2-3-4-5-6-7|8,corr,2,4,event_union,all32,car_only,0.0,expanded,BothStartLoadPhase,0.6614583333333334,0.5489477040816326,0.640173256802721,-0.0212850765306124,-0.11251062925170074
33,1-2-3-4-5-6-7|8,corr,2,4,event_union,all32,car_only,0.0,expanded,LiftOff,0.7158659402344395,0.4530020362115458,0.6693082384018492,-0.04655770183259034,-0.2628639040228937
33,1-2-3-4-5-6-7|8,corr,2,4,event_union,all32,car_only,0.0,expanded,Replace,0.7641571735182433,0.5243244730614716,0.7611578889439216,-0.0029992845743217478,-0.23983270045677174
33,1-2-3-4-5-6-7|8,corr,2,4,event_union,all32,car_only,0.0,expanded,BothReleased,0.6434978812393375,0.447663859996698,0.6618788178966485,0.018380936657310998,-0.1958340212426395
34,1-2-3-4-5-6-7|8,corr,2,4,event_union,all32,car_only,500.0,expanded,HandStart,0.8339220345514096,0.6159848436195491,0.782833472480894,-0.0510885620705156,-0.21793719093186048
34,1-2-3-4-5-6-7|8,corr,2,4,event_union,all32,car_only,500.0,expanded,FirstDigitTouch,0.7024081259986306,0.5049646199497831,0.7414973750285323,0.03908924902990174,-0.19744350604884742
34,1-2-3-4-5-6-7|8,corr,2,4,event_union,all32,car_only,500.0,expanded,BothStartLoadPhase,0.7336964900560151,0.5959710159823218,0.6811244154375867,-0.05257207461842839,-0.1377254740736933
34,1-2-3-4-5-6-7|8,corr,2,4,event_union,all32,car_only,500.0,expanded,LiftOff,0.5934718100890208,0.5404017347637526,0.630107281442593,0.03663547135357215,-0.053070075325268196
34,1-2-3-4-5-6-7|8,corr,2,4,event_union,all32,car_only,500.0,expanded,Replace,0.7414940828402367,0.6136587771203156,0.7190273668639053,-0.02246671597633132,-0.12783530571992108
34,1-2-3-4-5-6-7|8,corr,2,4,event_union,all32,car_only,500.0,expanded,BothReleased,0.6885037037037037,0.4645925925925925,0.6646518518518518,-0.023851851851851902,-0.22391111111111123
35,1-2-3-4-5-6-7|8,corr,2,4,event_union,all32,bandpass_0_5_48,0.0,expanded,HandStart,0.7340035681566132,0.6068759342301944,0.6312020830319688,-0.10280148512464438,-0.1271276339264188
35,1-2-3-4-5-6-7|8,corr,2,4,event_union,all32,bandpass_0_5_48,0.0,expanded,FirstDigitTouch,0.7371386054421769,0.5249787414965986,0.7727465986394557,0.03560799319727881,-0.2121598639455783
35,1-2-3-4-5-6-7|8,corr,2,4,event_union,all32,bandpass_0_5_48,0.0,expanded,BothStartLoadPhase,0.6595184948979591,0.5800382653061223,0.6460193452380952,-0.013499149659863874,-0.07948022959183676
35,1-2-3-4-5-6-7|8,corr,2,4,event_union,all32,bandpass_0_5_48,0.0,expanded,LiftOff,0.6715095481811677,0.4904793352044466,0.6148533377359529,-0.05665621044521485,-0.18103021297672112
35,1-2-3-4-5-6-7|8,corr,2,4,event_union,all32,bandpass_0_5_48,0.0,expanded,Replace,0.6855979307688075,0.548869077100875,0.6868636838919158,0.001265753123108282,-0.13672885366793253
35,1-2-3-4-5-6-7|8,corr,2,4,event_union,all32,bandpass_0_5_48,0.0,expanded,BothReleased,0.5821088547685872,0.4433713059270265,0.5901436354631006,0.008034780694513355,-0.1387375488415607
36,1-2-3-4-5-6-7|8,corr,2,4,event_union,all32,bandpass_0_5_48,500.0,expanded,HandStart,0.7539657054781325,0.4901419305118489,0.7740671761608118,0.020101470682679312,-0.26382377496628356
36,1-2-3-4-5-6-7|8,corr,2,4,event_union,all32,bandpass_0_5_48,500.0,expanded,FirstDigitTouch,0.7306265692764209,0.5548961424332344,0.6873716046564711,-0.04325496461994982,-0.17573042684318652
36,1-2-3-4-5-6-7|8,corr,2,4,event_union,all32,bandpass_0_5_48,500.0,expanded,BothStartLoadPhase,0.713988385836888,0.545197594943214,0.7383215992599825,0.02433321342309458,-0.168790790893674
36,1-2-3-4-5-6-7|8,corr,2,4,event_union,all32,bandpass_0_5_48,500.0,expanded,LiftOff,0.717130792056608,0.5971239443049532,0.6907954804839077,-0.026335311572700304,-0.12000684775165482
36,1-2-3-4-5-6-7|8,corr,2,4,event_union,all32,bandpass_0_5_48,500.0,expanded,Replace,0.7357618343195267,0.438732741617357,0.6711661735700197,-0.06459566074950696,-0.2970290927021697
36,1-2-3-4-5-6-7|8,corr,2,4,event_union,all32,bandpass_0_5_48,500.0,expanded,BothReleased,0.6379555555555556,0.5422814814814815,0.6289185185185185,-0.009037037037037066,-0.09567407407407413
37,1-2-3-4-5-6-7|8,corr,2,4,event_union,no_fp1_fp2,car_only,0.0,expanded,HandStart,0.5963161193885915,0.5520999083851681,0.6105887458411687,0.014272626452577208,-0.04421621100342343
37,1-2-3-4-5-6-7|8,corr,2,4,event_union,no_fp1_fp2,car_only,0.0,expanded,FirstDigitTouch,0.7146843112244898,0.5912521258503401,0.6722204506802721,-0.04246386054421769,-0.12343218537414968
37,1-2-3-4-5-6-7|8,corr,2,4,event_union,no_fp1_fp2,car_only,0.0,expanded,BothStartLoadPhase,0.6123246173469388,0.5489477040816326,0.5766900510204082,-0.035634566326530615,-0.06337691326530615
37,1-2-3-4-5-6-7|8,corr,2,4,event_union,no_fp1_fp2,car_only,0.0,expanded,LiftOff,0.670326344174784,0.4530020362115458,0.7421715920972978,0.07184524792251379,-0.2173243079632382
37,1-2-3-4-5-6-7|8,corr,2,4,event_union,no_fp1_fp2,car_only,0.0,expanded,Replace,0.6823785152165538,0.5243244730614716,0.7309449122227725,0.048566397006218676,-0.15805404215508223
37,1-2-3-4-5-6-7|8,corr,2,4,event_union,no_fp1_fp2,car_only,0.0,expanded,BothReleased,0.6258874030047878,0.447663859996698,0.6429475537945077,0.017060150789719897,-0.17822354300808985
38,1-2-3-4-5-6-7|8,corr,2,4,event_union,no_fp1_fp2,car_only,500.0,expanded,HandStart,0.7956457517179372,0.6159848436195491,0.817320660201657,0.02167490848371978,-0.17966090809838808
38,1-2-3-4-5-6-7|8,corr,2,4,event_union,no_fp1_fp2,car_only,500.0,expanded,FirstDigitTouch,0.6664574298105456,0.5049646199497831,0.7319390550102717,0.06548162519972611,-0.16149280986076242
38,1-2-3-4-5-6-7|8,corr,2,4,event_union,no_fp1_fp2,car_only,500.0,expanded,BothStartLoadPhase,0.5871319183925177,0.5959710159823218,0.6236959761549925,0.036564057762474844,0.008839097589804168
38,1-2-3-4-5-6-7|8,corr,2,4,event_union,no_fp1_fp2,car_only,500.0,expanded,LiftOff,0.6856881990413148,0.5404017347637526,0.6376398082629536,-0.048048390778361205,-0.1452864642775622
38,1-2-3-4-5-6-7|8,corr,2,4,event_union,no_fp1_fp2,car_only,500.0,expanded,Replace,0.6318417159763313,0.6136587771203156,0.692831607495069,0.06098989151873768,-0.01818293885601574
38,1-2-3-4-5-6-7|8,corr,2,4,event_union,no_fp1_fp2,car_only,500.0,expanded,BothReleased,0.5539555555555555,0.4645925925925925,0.5923851851851852,0.0384296296296297,-0.08936296296296303
39,1-2-3-4-5-6-7|8,corr,2,4,event_union,no_fp1_fp2,bandpass_0_5_48,0.0,expanded,HandStart,0.7104971310092097,0.6068759342301944,0.709098799363518,-0.0013983316456916972,-0.10362119677901538
39,1-2-3-4-5-6-7|8,corr,2,4,event_union,no_fp1_fp2,bandpass_0_5_48,0.0,expanded,FirstDigitTouch,0.7252338435374149,0.5249787414965986,0.8047406462585034,0.07950680272108845,-0.2002551020408163
39,1-2-3-4-5-6-7|8,corr,2,4,event_union,no_fp1_fp2,bandpass_0_5_48,0.0,expanded,BothStartLoadPhase,0.7009194302721089,0.5800382653061223,0.627311862244898,-0.07360756802721091,-0.12088116496598655
39,1-2-3-4-5-6-7|8,corr,2,4,event_union,no_fp1_fp2,bandpass_0_5_48,0.0,expanded,LiftOff,0.6914589180562434,0.4904793352044466,0.6206317759066644,-0.07082714214957897,-0.2009795828517968
39,1-2-3-4-5-6-7|8,corr,2,4,event_union,no_fp1_fp2,bandpass_0_5_48,0.0,expanded,Replace,0.6361234934786197,0.548869077100875,0.6475427879588355,0.011419294480215725,-0.08725441637774478
39,1-2-3-4-5-6-7|8,corr,2,4,event_union,no_fp1_fp2,bandpass_0_5_48,0.0,expanded,BothReleased,0.5511254196246766,0.4433713059270265,0.5663970062187001,0.0152715865940235,-0.10775411369765014
40,1-2-3-4-5-6-7|8,corr,2,4,event_union,no_fp1_fp2,bandpass_0_5_48,500.0,expanded,HandStart,0.7763149444480123,0.4901419305118489,0.7826086956521738,0.006293751204161535,-0.2861730139361634
40,1-2-3-4-5-6-7|8,corr,2,4,event_union,no_fp1_fp2,bandpass_0_5_48,500.0,expanded,FirstDigitTouch,0.7140207715133531,0.5548961424332344,0.6099349463592787,-0.10408582515407439,-0.1591246290801187
40,1-2-3-4-5-6-7|8,corr,2,4,event_union,no_fp1_fp2,bandpass_0_5_48,500.0,expanded,BothStartLoadPhase,0.7577984480189115,0.545197594943214,0.6978261986741353,-0.059972249344776185,-0.21260085307569754
40,1-2-3-4-5-6-7|8,corr,2,4,event_union,no_fp1_fp2,bandpass_0_5_48,500.0,expanded,LiftOff,0.6800958685231683,0.5971239443049532,0.6400935859392832,-0.04000228258388505,-0.08297192421821509
40,1-2-3-4-5-6-7|8,corr,2,4,event_union,no_fp1_fp2,bandpass_0_5_48,500.0,expanded,Replace,0.6450320512820513,0.438732741617357,0.6536612426035503,0.008629191321498975,-0.20629930966469434
40,1-2-3-4-5-6-7|8,corr,2,4,event_union,no_fp1_fp2,bandpass_0_5_48,500.0,expanded,BothReleased,0.6486518518518518,0.5422814814814815,0.6563555555555556,0.007703703703703768,-0.10637037037037034
41,1-2-3-4-5-6-7|8,corr,2,4,event_union,motor_premotor,car_only,0.0,expanded,HandStart,0.6160374174261053,0.4482858382757124,0.6260668306089976,0.0100294131828923,-0.1677515791503929
41,1-2-3-4-5-6-7|8,corr,2,4,event_union,motor_premotor,car_only,0.0,expanded,FirstDigitTouch,0.613892431972789,0.5028698979591837,0.6504039115646258,0.03651147959183687,-0.11102253401360529
41,1-2-3-4-5-6-7|8,corr,2,4,event_union,motor_premotor,car_only,0.0,expanded,BothStartLoadPhase,0.647108843537415,0.4871917517006803,0.5898703231292517,-0.05723852040816335,-0.15991709183673475
41,1-2-3-4-5-6-7|8,corr,2,4,event_union,motor_premotor,car_only,0.0,expanded,LiftOff,0.6262451158439272,0.5598205932529855,0.515134004732816,-0.11111111111111116,-0.06642452259094167
41,1-2-3-4-5-6-7|8,corr,2,4,event_union,motor_premotor,car_only,0.0,expanded,Replace,0.7112156733256287,0.6300698915854934,0.6573661328490452,-0.053849540476583524,-0.08114578174013531
41,1-2-3-4-5-6-7|8,corr,2,4,event_union,motor_premotor,car_only,0.0,expanded,BothReleased,0.6561003797259369,0.4599086456441582,0.5628473941995487,-0.09325298552638828,-0.19619173408177876
42,1-2-3-4-5-6-7|8,corr,2,4,event_union,motor_premotor,car_only,500.0,expanded,HandStart,0.5547492132810995,0.5933787168454178,0.6475499325669514,0.09280071928585187,0.03862950356431827
42,1-2-3-4-5-6-7|8,corr,2,4,event_union,motor_premotor,car_only,500.0,expanded,FirstDigitTouch,0.5875370919881306,0.5210853686372974,0.5757247203834741,-0.011812371604656535,-0.06645172335083327
42,1-2-3-4-5-6-7|8,corr,2,4,event_union,motor_premotor,car_only,500.0,expanded,BothStartLoadPhase,0.6328948044606608,0.5782671257515802,0.6424276684310601,0.009532863970399319,-0.054627678709080585
42,1-2-3-4-5-6-7|8,corr,2,4,event_union,motor_premotor,car_only,500.0,expanded,LiftOff,0.5147797306551016,0.5579205660808034,0.5799475005706459,0.0651677699155443,0.043140835425701796
42,1-2-3-4-5-6-7|8,corr,2,4,event_union,motor_premotor,car_only,500.0,expanded,Replace,0.5574765779092702,0.5483851084812623,0.6122411242603549,0.05476454635108474,-0.00909146942800787
42,1-2-3-4-5-6-7|8,corr,2,4,event_union,motor_premotor,car_only,500.0,expanded,BothReleased,0.598162962962963,0.5364148148148148,0.5728,-0.02536296296296303,-0.06174814814814822
43,1-2-3-4-5-6-7|8,corr,2,4,event_union,motor_premotor,bandpass_0_5_48,0.0,expanded,HandStart,0.6313467380297989,0.5200829355320894,0.604127489271421,-0.02721924875837789,-0.11126380249770951
43,1-2-3-4-5-6-7|8,corr,2,4,event_union,motor_premotor,bandpass_0_5_48,0.0,expanded,FirstDigitTouch,0.6976509353741496,0.6366921768707483,0.7236128826530612,0.025961947278911657,-0.06095875850340127
43,1-2-3-4-5-6-7|8,corr,2,4,event_union,motor_premotor,bandpass_0_5_48,0.0,expanded,BothStartLoadPhase,0.5815795068027211,0.5498246173469388,0.6088701105442177,0.02729060374149661,-0.03175488945578231
43,1-2-3-4-5-6-7|8,corr,2,4,event_union,motor_premotor,bandpass_0_5_48,0.0,expanded,LiftOff,0.5399812888668758,0.5174178636288591,0.6081668592812723,0.06818557041439655,-0.022563425238016688
43,1-2-3-4-5-6-7|8,corr,2,4,event_union,motor_premotor,bandpass_0_5_48,0.0,expanded,Replace,0.7477023829178361,0.4983215012932694,0.642452259094161,-0.10525012382367505,-0.24938088162456667
43,1-2-3-4-5-6-7|8,corr,2,4,event_union,motor_premotor,bandpass_0_5_48,0.0,expanded,BothReleased,0.5553629409498652,0.5314236970997743,0.6415167024379506,0.0861537614880854,-0.02393924385009083
44,1-2-3-4-5-6-7|8,corr,2,4,event_union,motor_premotor,bandpass_0_5_48,500.0,expanded,HandStart,0.7816453663862308,0.6003467985357395,0.7994348468306467,0.01778948044441586,-0.18129856785049137
44,1-2-3-4-5-6-7|8,corr,2,4,event_union,motor_premotor,bandpass_0_5_48,500.0,expanded,FirstDigitTouch,0.644459027619265,0.5678498059803697,0.6837480027391007,0.039288975119835756,-0.07660922163889528
44,1-2-3-4-5-6-7|8,corr,2,4,event_union,motor_premotor,bandpass_0_5_48,500.0,expanded,BothStartLoadPhase,0.7490878256847731,0.5557325659078062,0.6888329307775323,-0.060254894907240786,-0.19335525977696688
44,1-2-3-4-5-6-7|8,corr,2,4,event_union,motor_premotor,bandpass_0_5_48,500.0,expanded,LiftOff,0.6448584797991326,0.5370919881305637,0.59432777904588,-0.05053070075325261,-0.10776649166856889
44,1-2-3-4-5-6-7|8,corr,2,4,event_union,motor_premotor,bandpass_0_5_48,500.0,expanded,Replace,0.5655818540433925,0.5848126232741617,0.5837031558185404,0.018121301775147924,0.019230769230769273
44,1-2-3-4-5-6-7|8,corr,2,4,event_union,motor_premotor,bandpass_0_5_48,500.0,expanded,BothReleased,0.6338074074074074,0.5964444444444444,0.5811555555555556,-0.05265185185185173,-0.03736296296296293
45,1-2-3-4-5-6-7|8,corr,2,4,event_union,ocular_proxy_only,car_only,0.0,expanded,HandStart,0.761921982737837,0.3161193885915425,0.5377790635999807,-0.22414291913785622,-0.4458025941462945
45,1-2-3-4-5-6-7|8,corr,2,4,event_union,ocular_proxy_only,car_only,0.0,expanded,FirstDigitTouch,0.7499468537414966,0.6685799319727891,0.7961043792517007,0.046157525510204134,-0.08136692176870752
45,1-2-3-4-5-6-7|8,corr,2,4,event_union,ocular_proxy_only,car_only,0.0,expanded,BothStartLoadPhase,0.7867506377551021,0.782312925170068,0.7146045918367347,-0.07214604591836737,-0.004437712585034115
45,1-2-3-4-5-6-7|8,corr,2,4,event_union,ocular_proxy_only,car_only,0.0,expanded,LiftOff,0.6350503549612019,0.479747950030268,0.6048098618678114,-0.030240493093390497,-0.1553024049309339
45,1-2-3-4-5-6-7|8,corr,2,4,event_union,ocular_proxy_only,car_only,0.0,expanded,Replace,0.8064773540256452,0.5449067194981014,0.8038357822904627,-0.002641571735182535,-0.2615706345275438
45,1-2-3-4-5-6-7|8,corr,2,4,event_union,ocular_proxy_only,car_only,0.0,expanded,BothReleased,0.5532992130317538,0.5453194650817236,0.7041989984040503,0.15089978537229654,-0.007979747950030203
46,1-2-3-4-5-6-7|8,corr,2,4,event_union,ocular_proxy_only,car_only,500.0,expanded,HandStart,0.8556611649861923,0.6066405497399011,0.8428488857491491,-0.0128122792370432,-0.24902061524629115
46,1-2-3-4-5-6-7|8,corr,2,4,event_union,ocular_proxy_only,car_only,500.0,expanded,FirstDigitTouch,0.6038575667655787,0.5025108422734536,0.5898767404702122,-0.013980826295366455,-0.10134672449212512
46,1-2-3-4-5-6-7|8,corr,2,4,event_union,ocular_proxy_only,car_only,500.0,expanded,BothStartLoadPhase,0.5030063209825788,0.4595045994141528,0.5342515031604913,0.0312451821779125,-0.04350172156842602
46,1-2-3-4-5-6-7|8,corr,2,4,event_union,ocular_proxy_only,car_only,500.0,expanded,LiftOff,0.6031727916000913,0.61270257931979,0.5984364300388039,-0.004736361561287428,0.009529787719698701
46,1-2-3-4-5-6-7|8,corr,2,4,event_union,ocular_proxy_only,car_only,500.0,expanded,Replace,0.7801713510848125,0.5923323471400395,0.735607741617357,-0.04456360946745552,-0.18783900394477304
46,1-2-3-4-5-6-7|8,corr,2,4,event_union,ocular_proxy_only,car_only,500.0,expanded,BothReleased,0.6207703703703704,0.5460444444444444,0.6653333333333333,0.044562962962962915,-0.07472592592592597
47,1-2-3-4-5-6-7|8,corr,2,4,event_union,ocular_proxy_only,bandpass_0_5_48,0.0,expanded,HandStart,0.6897391388205796,0.3241236318048122,0.6308404455373933,-0.05889869328318631,-0.3656155070157674
47,1-2-3-4-5-6-7|8,corr,2,4,event_union,ocular_proxy_only,bandpass_0_5_48,0.0,expanded,FirstDigitTouch,0.6469228316326531,0.7328869047619048,0.8123405612244898,0.16541772959183676,0.0859640731292517
47,1-2-3-4-5-6-7|8,corr,2,4,event_union,ocular_proxy_only,bandpass_0_5_48,0.0,expanded,BothStartLoadPhase,0.6623618197278912,0.6440795068027212,0.6860384778911565,0.023676658163265252,-0.01828231292517002
47,1-2-3-4-5-6-7|8,corr,2,4,event_union,ocular_proxy_only,bandpass_0_5_48,0.0,expanded,LiftOff,0.6284739419954873,0.4001430851356557,0.60126024984866,-0.02721369214682734,-0.22833085685983162
47,1-2-3-4-5-6-7|8,corr,2,4,event_union,ocular_proxy_only,bandpass_0_5_48,0.0,expanded,Replace,0.7245886302349898,0.6393704254031148,0.6184579824995872,-0.1061306477354026,-0.08521820483187492
47,1-2-3-4-5-6-7|8,corr,2,4,event_union,ocular_proxy_only,bandpass_0_5_48,0.0,expanded,BothReleased,0.5751472125914918,0.4387760717626988,0.4758131087997358,-0.099334103791756,-0.13637114082879304
48,1-2-3-4-5-6-7|8,corr,2,4,event_union,ocular_proxy_only,bandpass_0_5_48,500.0,expanded,HandStart,0.6411598484361954,0.3920750112388415,0.5455333633035772,-0.09562648513261829,-0.24908483719735397
48,1-2-3-4-5-6-7|8,corr,2,4,event_union,ocular_proxy_only,bandpass_0_5_48,500.0,expanded,FirstDigitTouch,0.6565852545081032,0.6124172563341703,0.6565852545081032,0.0,-0.04416799817393291
48,1-2-3-4-5-6-7|8,corr,2,4,event_union,ocular_proxy_only,bandpass_0_5_48,500.0,expanded,BothStartLoadPhase,0.7732668688010689,0.4831440464566524,0.6852870137211573,-0.08797985507991157,-0.2901228223444165
48,1-2-3-4-5-6-7|8,corr,2,4,event_union,ocular_proxy_only,bandpass_0_5_48,500.0,expanded,LiftOff,0.6747317963935174,0.6437457201552157,0.7056893403332573,0.030957543939739818,-0.03098607623830174
48,1-2-3-4-5-6-7|8,corr,2,4,event_union,ocular_proxy_only,bandpass_0_5_48,500.0,expanded,Replace,0.520956607495069,0.5293700690335307,0.5777859960552268,0.056829388560157845,0.008413461538461675
48,1-2-3-4-5-6-7|8,corr,2,4,event_union,ocular_proxy_only,bandpass_0_5_48,500.0,expanded,BothReleased,0.5262222222222221,0.4193185185185185,0.4892444444444444,-0.03697777777777772,-0.10690370370370367
49,1-2-3-4-5-6-7|8,corr,2,8,event_union,all32,car_only,0.0,expanded,HandStart,0.5740392497227447,0.5649018756931385,0.6122763874825208,0.03823713775977611,-0.009137374029606127
49,1-2-3-4-5-6-7|8,corr,2,8,event_union,all32,car_only,0.0,expanded,FirstDigitTouch,0.7543845663265305,0.5886213860544218,0.7330729166666666,-0.021311649659863874,-0.16576318027210868
49,1-2-3-4-5-6-7|8,corr,2,8,event_union,all32,car_only,0.0,expanded,BothStartLoadPhase,0.6614583333333334,0.6172937925170068,0.683062287414966,0.021603954081632626,-0.04416454081632659
49,1-2-3-4-5-6-7|8,corr,2,8,event_union,all32,car_only,0.0,expanded,LiftOff,0.7158659402344395,0.6313356447086016,0.6646304551207969,-0.05123548511364262,-0.0845302955258379
49,1-2-3-4-5-6-7|8,corr,2,8,event_union,all32,car_only,0.0,expanded,Replace,0.7641571735182433,0.5792746684277146,0.7312200759451873,-0.03293709757305596,-0.18488250509052873
49,1-2-3-4-5-6-7|8,corr,2,8,event_union,all32,car_only,0.0,expanded,BothReleased,0.6434978812393375,0.5078421660888228,0.7673765890704969,0.1238787078311594,-0.13565571515051467
50,1-2-3-4-5-6-7|8,corr,2,8,event_union,all32,car_only,500.0,expanded,HandStart,0.8339220345514096,0.7158820884978485,0.8334082589429068,-0.0005137756085027423,-0.11803994605356105
50,1-2-3-4-5-6-7|8,corr,2,8,event_union,all32,car_only,500.0,expanded,FirstDigitTouch,0.7024081259986306,0.4892433234421365,0.6754165715590048,-0.026991554439625753,-0.21316480255649406
50,1-2-3-4-5-6-7|8,corr,2,8,event_union,all32,car_only,500.0,expanded,BothStartLoadPhase,0.7336964900560151,0.5397502441029858,0.6697158127344673,-0.06398067732154777,-0.19394624595302934
50,1-2-3-4-5-6-7|8,corr,2,8,event_union,all32,car_only,500.0,expanded,LiftOff,0.5934718100890208,0.636327322529103,0.6663147683177357,0.0728429582287149,0.04285551244008212
50,1-2-3-4-5-6-7|8,corr,2,8,event_union,all32,car_only,500.0,expanded,Replace,0.7414940828402367,0.6456484220907298,0.7292283037475344,-0.012265779092702211,-0.09584566074950684
50,1-2-3-4-5-6-7|8,corr,2,8,event_union,all32,car_only,500.0,expanded,BothReleased,0.6885037037037037,0.5736296296296296,0.6513777777777778,-0.037125925925925896,-0.11487407407407413
51,1-2-3-4-5-6-7|8,corr,2,8,event_union,all32,bandpass_0_5_48,0.0,expanded,HandStart,0.7340035681566132,0.6530208785380203,0.7078933410482665,-0.02611022710834665,-0.0809826896185929
51,1-2-3-4-5-6-7|8,corr,2,8,event_union,all32,bandpass_0_5_48,0.0,expanded,FirstDigitTouch,0.7371386054421769,0.5890199829931972,0.795014880952381,0.057876275510204134,-0.14811862244897966
51,1-2-3-4-5-6-7|8,corr,2,8,event_union,all32,bandpass_0_5_48,0.0,expanded,BothStartLoadPhase,0.6595184948979591,0.5334821428571428,0.7337638180272108,0.0742453231292517,-0.1260363520408163
51,1-2-3-4-5-6-7|8,corr,2,8,event_union,all32,bandpass_0_5_48,0.0,expanded,LiftOff,0.6715095481811677,0.4646689780419349,0.6580540421550823,-0.013455506026085362,-0.2068405701392328
51,1-2-3-4-5-6-7|8,corr,2,8,event_union,all32,bandpass_0_5_48,0.0,expanded,Replace,0.6855979307688075,0.6330966925320566,0.7343569423807166,0.0487590116119091,-0.0525012382367509
51,1-2-3-4-5-6-7|8,corr,2,8,event_union,all32,bandpass_0_5_48,0.0,expanded,BothReleased,0.5821088547685872,0.5146662264047108,0.6012877662209015,0.019178911452314318,-0.06744262836387638
52,1-2-3-4-5-6-7|8,corr,2,8,event_union,all32,bandpass_0_5_48,500.0,expanded,HandStart,0.7539657054781325,0.6478068203712029,0.759296127416351,0.0053304219382185325,-0.10615888510692961
52,1-2-3-4-5-6-7|8,corr,2,8,event_union,all32,bandpass_0_5_48,500.0,expanded,FirstDigitTouch,0.7306265692764209,0.4642204976032869,0.743865555809176,0.013238986532755126,-0.266406071673134
52,1-2-3-4-5-6-7|8,corr,2,8,event_union,all32,bandpass_0_5_48,500.0,expanded,BothStartLoadPhase,0.713988385836888,0.509481473868133,0.7697209517446939,0.05573256590780595,-0.20450691196875492
52,1-2-3-4-5-6-7|8,corr,2,8,event_union,all32,bandpass_0_5_48,500.0,expanded,LiftOff,0.717130792056608,0.7026649166856882,0.6853743437571331,-0.03175644829947488,-0.014465875370919812
52,1-2-3-4-5-6-7|8,corr,2,8,event_union,all32,bandpass_0_5_48,500.0,expanded,Replace,0.7357618343195267,0.5761834319526626,0.6286365877712031,-0.10712524654832356,-0.15957840236686405
52,1-2-3-4-5-6-7|8,corr,2,8,event_union,all32,bandpass_0_5_48,500.0,expanded,BothReleased,0.6379555555555556,0.5313481481481481,0.6523851851851852,0.01442962962962957,-0.10660740740740748
53,1-2-3-4-5-6-7|8,corr,2,8,event_union,no_fp1_fp2,car_only,0.0,expanded,HandStart,0.5963161193885915,0.5821158204349294,0.6238487873089348,0.027532667920343257,-0.01420029895366215
53,1-2-3-4-5-6-7|8,corr,2,8,event_union,no_fp1_fp2,car_only,0.0,expanded,FirstDigitTouch,0.7146843112244898,0.574670493197279,0.7534545068027212,0.03877019557823136,-0.1400138180272108
53,1-2-3-4-5-6-7|8,corr,2,8,event_union,no_fp1_fp2,car_only,0.0,expanded,BothStartLoadPhase,0.6123246173469388,0.6584289965986394,0.6185427295918366,0.006218112244897878,0.04610437925170063
53,1-2-3-4-5-6-7|8,corr,2,8,event_union,no_fp1_fp2,car_only,0.0,expanded,LiftOff,0.670326344174784,0.6240162896923669,0.6183479170106212,-0.05197842716416279,-0.046310054482417096
53,1-2-3-4-5-6-7|8,corr,2,8,event_union,no_fp1_fp2,car_only,0.0,expanded,Replace,0.6823785152165538,0.5495845027791535,0.6731880468878984,-0.009190468328655443,-0.1327940124374003
53,1-2-3-4-5-6-7|8,corr,2,8,event_union,no_fp1_fp2,car_only,0.0,expanded,BothReleased,0.6258874030047878,0.5646359583952452,0.6434978812393375,0.017610478234549642,-0.06125144460954268
54,1-2-3-4-5-6-7|8,corr,2,8,event_union,no_fp1_fp2,car_only,500.0,expanded,HandStart,0.7956457517179372,0.7457452957420847,0.7697964164151307,-0.02584933530280642,-0.049900455975852465
54,1-2-3-4-5-6-7|8,corr,2,8,event_union,no_fp1_fp2,car_only,500.0,expanded,FirstDigitTouch,0.6664574298105456,0.5235106140150652,0.7093129422506277,0.04285551244008212,-0.1429468157954804
54,1-2-3-4-5-6-7|8,corr,2,8,event_union,no_fp1_fp2,car_only,500.0,expanded,BothStartLoadPhase,0.5871319183925177,0.5347654041831543,0.6939976360552957,0.10686571766277808,-0.052366514209363335
54,1-2-3-4-5-6-7|8,corr,2,8,event_union,no_fp1_fp2,car_only,500.0,expanded,LiftOff,0.6856881990413148,0.6484820817165031,0.7171307920566081,0.031442593015293285,-0.037206117324811716
54,1-2-3-4-5-6-7|8,corr,2,8,event_union,no_fp1_fp2,car_only,500.0,expanded,Replace,0.6318417159763313,0.5743343195266273,0.6891025641025641,0.05726084812623278,-0.05750739644970404
54,1-2-3-4-5-6-7|8,corr,2,8,event_union,no_fp1_fp2,car_only,500.0,expanded,BothReleased,0.5539555555555555,0.5077925925925926,0.629688888888889,0.07573333333333343,-0.04616296296296296
55,1-2-3-4-5-6-7|8,corr,2,8,event_union,no_fp1_fp2,bandpass_0_5_48,0.0,expanded,HandStart,0.7104971310092097,0.6034524326148802,0.6984425478566951,-0.01205458315251462,-0.10704469839432951
55,1-2-3-4-5-6-7|8,corr,2,8,event_union,no_fp1_fp2,bandpass_0_5_48,0.0,expanded,FirstDigitTouch,0.7252338435374149,0.5906409438775511,0.8246173469387754,0.09938350340136048,-0.13459289965986387
55,1-2-3-4-5-6-7|8,corr,2,8,event_union,no_fp1_fp2,bandpass_0_5_48,0.0,expanded,BothStartLoadPhase,0.7009194302721089,0.5564413265306122,0.7259513180272109,0.02503188775510201,-0.14447810374149672
55,1-2-3-4-5-6-7|8,corr,2,8,event_union,no_fp1_fp2,bandpass_0_5_48,0.0,expanded,LiftOff,0.6914589180562434,0.5637554344835176,0.6304551207968742,-0.06100379725936922,-0.12770348357272576
55,1-2-3-4-5-6-7|8,corr,2,8,event_union,no_fp1_fp2,bandpass_0_5_48,0.0,expanded,Replace,0.6361234934786197,0.5202520499697321,0.6413791205767432,0.005255627098123439,-0.11587144350888767
55,1-2-3-4-5-6-7|8,corr,2,8,event_union,no_fp1_fp2,bandpass_0_5_48,0.0,expanded,BothReleased,0.5511254196246766,0.4716856529635134,0.5484563315172528,-0.0026690881074238337,-0.07943976666116326
56,1-2-3-4-5-6-7|8,corr,2,8,event_union,no_fp1_fp2,bandpass_0_5_48,500.0,expanded,HandStart,0.7763149444480123,0.6173335045918695,0.7898015541712158,0.01348660972320348,-0.15898143985614277
56,1-2-3-4-5-6-7|8,corr,2,8,event_union,no_fp1_fp2,bandpass_0_5_48,500.0,expanded,FirstDigitTouch,0.7140207715133531,0.588136270257932,0.6040572928555124,-0.10996347865784073,-0.12588450125542106
56,1-2-3-4-5-6-7|8,corr,2,8,event_union,no_fp1_fp2,bandpass_0_5_48,500.0,expanded,BothStartLoadPhase,0.7577984480189115,0.5275707898658718,0.8182845983863508,0.06048615036743932,-0.2302276581530397
56,1-2-3-4-5-6-7|8,corr,2,8,event_union,no_fp1_fp2,bandpass_0_5_48,500.0,expanded,LiftOff,0.6800958685231683,0.6902248345126684,0.6760442821273682,-0.004051586395800055,0.010128965989500083
56,1-2-3-4-5-6-7|8,corr,2,8,event_union,no_fp1_fp2,bandpass_0_5_48,500.0,expanded,Replace,0.6450320512820513,0.5405571992110454,0.6640162721893492,0.0189842209072979,-0.10447485207100593
56,1-2-3-4-5-6-7|8,corr,2,8,event_union,no_fp1_fp2,bandpass_0_5_48,500.0,expanded,BothReleased,0.6486518518518518,0.5311407407407407,0.6858666666666667,0.03721481481481492,-0.11751111111111112
57,1-2-3-4-5-6-7|8,corr,2,8,event_union,motor_premotor,car_only,0.0,expanded,HandStart,0.6160374174261053,0.5771734413423983,0.6069723708954144,-0.009065046530690846,-0.03886397608370695
57,1-2-3-4-5-6-7|8,corr,2,8,event_union,motor_premotor,car_only,0.0,expanded,FirstDigitTouch,0.613892431972789,0.4546130952380952,0.6674107142857142,0.053518282312925214,-0.1592793367346938
57,1-2-3-4-5-6-7|8,corr,2,8,event_union,motor_premotor,car_only,0.0,expanded,BothStartLoadPhase,0.647108843537415,0.486314838435374,0.6053358843537415,-0.04177295918367352,-0.16079400510204106
57,1-2-3-4-5-6-7|8,corr,2,8,event_union,motor_premotor,car_only,0.0,expanded,LiftOff,0.6262451158439272,0.5882450057784381,0.5810907489956524,-0.045154366848274785,-0.03800011006548909
57,1-2-3-4-5-6-7|8,corr,2,8,event_union,motor_premotor,car_only,0.0,expanded,Replace,0.7112156733256287,0.6154862142975069,0.6898904848384789,-0.021325188487149815,-0.0957294590281218
57,1-2-3-4-5-6-7|8,corr,2,8,event_union,motor_premotor,car_only,0.0,expanded,BothReleased,0.6561003797259369,0.5204171482031809,0.5921248142644874,-0.06397556546144956,-0.13568323152275608
58,1-2-3-4-5-6-7|8,corr,2,8,event_union,motor_premotor,car_only,500.0,expanded,HandStart,0.5547492132810995,0.4891464902703744,0.5535289962109049,-0.0012202170701945958,-0.06560272301072512
58,1-2-3-4-5-6-7|8,corr,2,8,event_union,motor_premotor,car_only,500.0,expanded,FirstDigitTouch,0.5875370919881306,0.5975519287833828,0.5590333257247204,-0.028503766263410224,0.010014836795252169
58,1-2-3-4-5-6-7|8,corr,2,8,event_union,motor_premotor,car_only,500.0,expanded,BothStartLoadPhase,0.6328948044606608,0.5331209209106327,0.6554550593555681,0.022560254894907317,-0.09977388355002814
58,1-2-3-4-5-6-7|8,corr,2,8,event_union,motor_premotor,car_only,500.0,expanded,LiftOff,0.5147797306551016,0.4984592558776535,0.5360362930837708,0.021256562428669135,-0.016320474777448135
58,1-2-3-4-5-6-7|8,corr,2,8,event_union,motor_premotor,car_only,500.0,expanded,Replace,0.5574765779092702,0.4675788954635108,0.6174186390532544,0.05994206114398426,-0.08989768244575941
58,1-2-3-4-5-6-7|8,corr,2,8,event_union,motor_premotor,car_only,500.0,expanded,BothReleased,0.598162962962963,0.5940740740740741,0.5172740740740741,-0.0808888888888889,-0.00408888888888892
59,1-2-3-4-5-6-7|8,corr,2,8,event_union,motor_premotor,bandpass_0_5_48,0.0,expanded,HandStart,0.6313467380297989,0.5719899705868172,0.624764935628526,-0.006581802401272929,-0.059356767442981684
59,1-2-3-4-5-6-7|8,corr,2,8,event_union,motor_premotor,bandpass_0_5_48,0.0,expanded,FirstDigitTouch,0.6976509353741496,0.6209077380952381,0.7007068452380952,0.0030559098639456606,-0.07674319727891143
59,1-2-3-4-5-6-7|8,corr,2,8,event_union,motor_premotor,bandpass_0_5_48,0.0,expanded,BothStartLoadPhase,0.5815795068027211,0.5404974489795918,0.5924479166666667,0.01086840986394566,-0.04108205782312924
59,1-2-3-4-5-6-7|8,corr,2,8,event_union,motor_premotor,bandpass_0_5_48,0.0,expanded,LiftOff,0.5399812888668758,0.4867921413240877,0.5507401904132959,0.010758901546420119,-0.053189147542788084
59,1-2-3-4-5-6-7|8,corr,2,8,event_union,motor_premotor,bandpass_0_5_48,0.0,expanded,Replace,0.7477023829178361,0.4674206152660833,0.6640250949314842,-0.08367728798635188,-0.2802817676517528
59,1-2-3-4-5-6-7|8,corr,2,8,event_union,motor_premotor,bandpass_0_5_48,0.0,expanded,BothReleased,0.5553629409498652,0.5686258323702603,0.5498871828738099,-0.00547575807605527,0.013262891420395162
60,1-2-3-4-5-6-7|8,corr,2,8,event_union,motor_premotor,bandpass_0_5_48,500.0,expanded,HandStart,0.7816453663862308,0.6273842399332091,0.7171344165435747,-0.06451094984265615,-0.1542611264530217
60,1-2-3-4-5-6-7|8,corr,2,8,event_union,motor_premotor,bandpass_0_5_48,500.0,expanded,FirstDigitTouch,0.644459027619265,0.496975576352431,0.6069961196073955,-0.03746290801186947,-0.147483451266834
60,1-2-3-4-5-6-7|8,corr,2,8,event_union,motor_premotor,bandpass_0_5_48,500.0,expanded,BothStartLoadPhase,0.7490878256847731,0.5291638830361274,0.7046867773266868,-0.044401048358086226,-0.21992394264864568
60,1-2-3-4-5-6-7|8,corr,2,8,event_union,motor_premotor,bandpass_0_5_48,500.0,expanded,LiftOff,0.6448584797991326,0.4745777219812828,0.5288746861447159,-0.11598379365441669,-0.1702807578178498
60,1-2-3-4-5-6-7|8,corr,2,8,event_union,motor_premotor,bandpass_0_5_48,500.0,expanded,Replace,0.5655818540433925,0.5425604043392505,0.5856447238658777,0.020062869822485285,-0.023021449704141994
60,1-2-3-4-5-6-7|8,corr,2,8,event_union,motor_premotor,bandpass_0_5_48,500.0,expanded,BothReleased,0.6338074074074074,0.6082074074074075,0.6152592592592593,-0.01854814814814809,-0.025599999999999845
61,1-2-3-4-5-6-7|8,corr,2,8,event_union,ocular_proxy_only,car_only,0.0,expanded,HandStart,0.761921982737837,0.3161193885915425,0.5377790635999807,-0.22414291913785622,-0.4458025941462945
61,1-2-3-4-5-6-7|8,corr,2,8,event_union,ocular_proxy_only,car_only,0.0,expanded,FirstDigitTouch,0.7499468537414966,0.6685799319727891,0.7961043792517007,0.046157525510204134,-0.08136692176870752
61,1-2-3-4-5-6-7|8,corr,2,8,event_union,ocular_proxy_only,car_only,0.0,expanded,BothStartLoadPhase,0.7867506377551021,0.782312925170068,0.7146045918367347,-0.07214604591836737,-0.004437712585034115
61,1-2-3-4-5-6-7|8,corr,2,8,event_union,ocular_proxy_only,car_only,0.0,expanded,LiftOff,0.6350503549612019,0.479747950030268,0.6048098618678114,-0.030240493093390497,-0.1553024049309339
61,1-2-3-4-5-6-7|8,corr,2,8,event_union,ocular_proxy_only,car_only,0.0,expanded,Replace,0.8064773540256452,0.5449067194981014,0.8038357822904627,-0.002641571735182535,-0.2615706345275438
61,1-2-3-4-5-6-7|8,corr,2,8,event_union,ocular_proxy_only,car_only,0.0,expanded,BothReleased,0.5532992130317538,0.5453194650817236,0.7041989984040503,0.15089978537229654,-0.007979747950030203
62,1-2-3-4-5-6-7|8,corr,2,8,event_union,ocular_proxy_only,car_only,500.0,expanded,HandStart,0.8556611649861923,0.6066405497399011,0.8428488857491491,-0.0128122792370432,-0.24902061524629115
62,1-2-3-4-5-6-7|8,corr,2,8,event_union,ocular_proxy_only,car_only,500.0,expanded,FirstDigitTouch,0.6038575667655787,0.5025108422734536,0.5898767404702122,-0.013980826295366455,-0.10134672449212512
62,1-2-3-4-5-6-7|8,corr,2,8,event_union,ocular_proxy_only,car_only,500.0,expanded,BothStartLoadPhase,0.5030063209825788,0.4595045994141528,0.5342515031604913,0.0312451821779125,-0.04350172156842602
62,1-2-3-4-5-6-7|8,corr,2,8,event_union,ocular_proxy_only,car_only,500.0,expanded,LiftOff,0.6031727916000913,0.61270257931979,0.5984364300388039,-0.004736361561287428,0.009529787719698701
62,1-2-3-4-5-6-7|8,corr,2,8,event_union,ocular_proxy_only,car_only,500.0,expanded,Replace,0.7801713510848125,0.5923323471400395,0.735607741617357,-0.04456360946745552,-0.18783900394477304
62,1-2-3-4-5-6-7|8,corr,2,8,event_union,ocular_proxy_only,car_only,500.0,expanded,BothReleased,0.6207703703703704,0.5460444444444444,0.6653333333333333,0.044562962962962915,-0.07472592592592597
63,1-2-3-4-5-6-7|8,corr,2,8,event_union,ocular_proxy_only,bandpass_0_5_48,0.0,expanded,HandStart,0.6897391388205796,0.3241236318048122,0.6308404455373933,-0.05889869328318631,-0.3656155070157674
63,1-2-3-4-5-6-7|8,corr,2,8,event_union,ocular_proxy_only,bandpass_0_5_48,0.0,expanded,FirstDigitTouch,0.6469228316326531,0.7328869047619048,0.8123405612244898,0.16541772959183676,0.0859640731292517
63,1-2-3-4-5-6-7|8,corr,2,8,event_union,ocular_proxy_only,bandpass_0_5_48,0.0,expanded,BothStartLoadPhase,0.6623618197278912,0.6440795068027212,0.6860384778911565,0.023676658163265252,-0.01828231292517002
63,1-2-3-4-5-6-7|8,corr,2,8,event_union,ocular_proxy_only,bandpass_0_5_48,0.0,expanded,LiftOff,0.6284739419954873,0.4001430851356557,0.60126024984866,-0.02721369214682734,-0.22833085685983162
63,1-2-3-4-5-6-7|8,corr,2,8,event_union,ocular_proxy_only,bandpass_0_5_48,0.0,expanded,Replace,0.7245886302349898,0.6393704254031148,0.6184579824995872,-0.1061306477354026,-0.08521820483187492
63,1-2-3-4-5-6-7|8,corr,2,8,event_union,ocular_proxy_only,bandpass_0_5_48,0.0,expanded,BothReleased,0.5751472125914918,0.4387760717626988,0.4758131087997358,-0.099334103791756,-0.13637114082879304
64,1-2-3-4-5-6-7|8,corr,2,8,event_union,ocular_proxy_only,bandpass_0_5_48,500.0,expanded,HandStart,0.6411598484361954,0.3920750112388415,0.5455333633035772,-0.09562648513261829,-0.24908483719735397
64,1-2-3-4-5-6-7|8,corr,2,8,event_union,ocular_proxy_only,bandpass_0_5_48,500.0,expanded,FirstDigitTouch,0.6565852545081032,0.6124172563341703,0.6565852545081032,0.0,-0.04416799817393291
64,1-2-3-4-5-6-7|8,corr,2,8,event_union,ocular_proxy_only,bandpass_0_5_48,500.0,expanded,BothStartLoadPhase,0.7732668688010689,0.4831440464566524,0.6852870137211573,-0.08797985507991157,-0.2901228223444165
64,1-2-3-4-5-6-7|8,corr,2,8,event_union,ocular_proxy_only,bandpass_0_5_48,500.0,expanded,LiftOff,0.6747317963935174,0.6437457201552157,0.7056893403332573,0.030957543939739818,-0.03098607623830174
64,1-2-3-4-5-6-7|8,corr,2,8,event_union,ocular_proxy_only,bandpass_0_5_48,500.0,expanded,Replace,0.520956607495069,0.5293700690335307,0.5777859960552268,0.056829388560157845,0.008413461538461675
64,1-2-3-4-5-6-7|8,corr,2,8,event_union,ocular_proxy_only,bandpass_0_5_48,500.0,expanded,BothReleased,0.5262222222222221,0.4193185185185185,0.4892444444444444,-0.03697777777777772,-0.10690370370370367
