config_id,split,mode,m,max_edges,edge_selection,channel_set,preprocess,label_shift_ms,stride,epochs,mfg_feature_mode,ema_half_life_s,train_series,val_series,baseline_windows_ms,baseline_lags_ms,edges_used,baseline_auc,mfg_auc,combined_auc,baseline_ap,mfg_ap,combined_ap,combined_minus_baseline,mfg_minus_baseline,result_dir
19,1-2-3-4-5-6|7,corr,2,8,event_union,all32,bandpass_0_5_48,0.0,100,1,expanded,0.1,1 2 3 4 5 6,7,100 200 500,50 100 200,48,0.666731925869143,0.5738122844546852,0.7184113733086823,0.06833742548889903,0.04749048179069864,0.08309588654046662,0.05167944743953934,-0.09291964141445774,out\classification_controls\runs\cfg_019
54,1-2-3-4-5-6-7|8,corr,2,8,event_union,no_fp1_fp2,car_only,500.0,100,1,expanded,0.1,1 2 3 4 5 6 7,8,100 200 500,50 100 200,48,0.6534534284157004,0.5891050512960044,0.7015048732948527,0.06294192571360864,0.04977494525580948,0.0723443627414753,0.04805144487915225,-0.06434837711969599,out\classification_controls\runs\cfg_054
22,1-2-3-4-5-6|7,corr,2,8,event_union,no_fp1_fp2,car_only,500.0,100,1,expanded,0.1,1 2 3 4 5 6,7,100 200 500,50 100 200,48,0.6267505435485776,0.5992153422466188,0.6672143710227293,0.05749686649674527,0.04863990326153717,0.06450676481622981,0.04046382747415167,-0.027535201301958856,out\classification_controls\runs\cfg_022
11,1-2-3-4-5-6|7,corr,2,4,event_union,motor_premotor,bandpass_0_5_48,0.0,100,1,expanded,0.1,1 2 3 4 5 6,7,100 200 500,50 100 200,20,0.612302668195807,0.6079054117022608,0.6508579536911301,0.05595680627955122,0.04901844719114928,0.06408130122629975,0.038555285495323055,-0.0043972564935462755,out\classification_controls\runs\cfg_011
10,1-2-3-4-5-6|7,corr,2,4,event_union,motor_premotor,car_only,500.0,100,1,expanded,0.1,1 2 3 4 5 6,7,100 200 500,50 100 200,20,0.5577136000759403,0.5444639997108686,0.5922716871127661,0.04495174259888554,0.04259051697705019,0.04922171754690433,0.034558087036825835,-0.013249600365071723,out\classification_controls\runs\cfg_010
42,1-2-3-4-5-6-7|8,corr,2,4,event_union,motor_premotor,car_only,500.0,100,1,expanded,0.1,1 2 3 4 5 6 7,8,100 200 500,50 100 200,20,0.5742667302095376,0.5559086167685293,0.6051151577020811,0.046565634005865074,0.04279940947716005,0.049387900620405045,0.030848427492543573,-0.01835811344100824,out\classification_controls\runs\cfg_042
17,1-2-3-4-5-6|7,corr,2,8,event_union,all32,car_only,0.0,100,1,expanded,0.1,1 2 3 4 5 6,7,100 200 500,50 100 200,48,0.6892334186327811,0.6228115954784963,0.7191087203038681,0.07281816508017112,0.056427523037156514,0.08213325723431471,0.029875301671086985,-0.0664218231542848,out\classification_controls\runs\cfg_017
38,1-2-3-4-5-6-7|8,corr,2,4,event_union,no_fp1_fp2,car_only,500.0,100,1,expanded,0.1,1 2 3 4 5 6 7,8,100 200 500,50 100 200,24,0.6534534284157004,0.5559289306713858,0.682635382051688,0.06294192571360864,0.04358643516683544,0.0746660916949115,0.029181953635987634,-0.0975244977443146,out\classification_controls\runs\cfg_038
51,1-2-3-4-5-6-7|8,corr,2,8,event_union,all32,bandpass_0_5_48,0.0,100,1,expanded,0.1,1 2 3 4 5 6 7,8,100 200 500,50 100 200,48,0.6783128337025519,0.5646591502278437,0.7050617984640931,0.08353600227672243,0.05053246206070767,0.08729274633493884,0.026748964761541205,-0.11365368347470817,out\classification_controls\runs\cfg_051
3,1-2-3-4-5-6|7,corr,2,4,event_union,all32,bandpass_0_5_48,0.0,100,1,expanded,0.1,1 2 3 4 5 6,7,100 200 500,50 100 200,24,0.666731925869143,0.5632668034755485,0.6887375312692186,0.06833742548889903,0.04625584131891262,0.07597998890758516,0.022005605400075567,-0.10346512239359451,out\classification_controls\runs\cfg_003
5,1-2-3-4-5-6|7,corr,2,4,event_union,no_fp1_fp2,car_only,0.0,100,1,expanded,0.1,1 2 3 4 5 6,7,100 200 500,50 100 200,24,0.6598008118122971,0.5724956115405305,0.6761425878595962,0.06636197879991056,0.04691173018254724,0.06435290423535207,0.01634177604729914,-0.08730520027176658,out\classification_controls\runs\cfg_005
15,1-2-3-4-5-6|7,corr,2,4,event_union,ocular_proxy_only,bandpass_0_5_48,0.0,100,1,expanded,0.1,1 2 3 4 5 6,7,100 200 500,50 100 200,8,0.5888726966163469,0.5294242494404136,0.6048041358862113,0.055840491942939524,0.04502244567867588,0.05871184868058397,0.0159314392698644,-0.05944844717593334,out\classification_controls\runs\cfg_015
31,1-2-3-4-5-6|7,corr,2,8,event_union,ocular_proxy_only,bandpass_0_5_48,0.0,100,1,expanded,0.1,1 2 3 4 5 6,7,100 200 500,50 100 200,8,0.5888726966163469,0.5294242494404136,0.6048041358862113,0.055840491942939524,0.04502244567867588,0.05871184868058397,0.0159314392698644,-0.05944844717593334,out\classification_controls\runs\cfg_031
27,1-2-3-4-5-6|7,corr,2,8,event_union,motor_premotor,bandpass_0_5_48,0.0,100,1,expanded,0.1,1 2 3 4 5 6,7,100 200 500,50 100 200,32,0.612302668195807,0.5990529657709006,0.628026544636856,0.05595680627955122,0.047865226755145145,0.055530439698550295,0.015723876441049,-0.013249702424906418,out\classification_controls\runs\cfg_027
49,1-2-3-4-5-6-7|8,corr,2,8,event_union,all32,car_only,0.0,100,1,expanded,0.1,1 2 3 4 5 6 7,8,100 200 500,50 100 200,48,0.6855671907291049,0.5815449222482844,0.6986064519501057,0.07659932053078877,0.052149539258382165,0.0787001145658825,0.013039261221000853,-0.10402226848082052,out\classification_controls\runs\cfg_049
43,1-2-3-4-5-6-7|8,corr,2,4,event_union,motor_premotor,bandpass_0_5_48,0.0,100,1,expanded,0.1,1 2 3 4 5 6 7,8,100 200 500,50 100 200,20,0.6256039654902078,0.5422937986286133,0.6381243838803473,0.06528612320232034,0.04530819793688919,0.06566980562451936,0.01252041839013951,-0.08331016686159454,out\classification_controls\runs\cfg_043
21,1-2-3-4-5-6|7,corr,2,8,event_union,no_fp1_fp2,car_only,0.0,100,1,expanded,0.1,1 2 3 4 5 6,7,100 200 500,50 100 200,48,0.6598008118122971,0.6303292020580282,0.6721814480918704,0.06636197879991056,0.06108387417604141,0.06774081166730662,0.01238063627957331,-0.02947160975426888,out\classification_controls\runs\cfg_021
37,1-2-3-4-5-6-7|8,corr,2,4,event_union,no_fp1_fp2,car_only,0.0,100,1,expanded,0.1,1 2 3 4 5 6 7,8,100 200 500,50 100 200,24,0.6503195517260243,0.5195483512644761,0.6625938842760711,0.06650654349369099,0.04413280947656062,0.06940291337425906,0.01227433255004684,-0.13077120046154822,out\classification_controls\runs\cfg_037
24,1-2-3-4-5-6|7,corr,2,8,event_union,no_fp1_fp2,bandpass_0_5_48,500.0,100,1,expanded,0.1,1 2 3 4 5 6,7,100 200 500,50 100 200,48,0.6594323311265858,0.5868135835045729,0.6713847062319506,0.07120975865904992,0.048259640515272546,0.07130124011913695,0.011952375105364732,-0.07261874762201292,out\classification_controls\runs\cfg_024
16,1-2-3-4-5-6|7,corr,2,4,event_union,ocular_proxy_only,bandpass_0_5_48,500.0,100,1,expanded,0.1,1 2 3 4 5 6,7,100 200 500,50 100 200,8,0.5902271401094046,0.5233547791656865,0.6020008195756017,0.05800661761801904,0.05255406012623826,0.06019048600409662,0.011773679466197118,-0.06687236094371807,out\classification_controls\runs\cfg_016
32,1-2-3-4-5-6|7,corr,2,8,event_union,ocular_proxy_only,bandpass_0_5_48,500.0,100,1,expanded,0.1,1 2 3 4 5 6,7,100 200 500,50 100 200,8,0.5902271401094046,0.5233547791656865,0.6020008195756017,0.05800661761801904,0.05255406012623826,0.06019048600409662,0.011773679466197118,-0.06687236094371807,out\classification_controls\runs\cfg_032
8,1-2-3-4-5-6|7,corr,2,4,event_union,no_fp1_fp2,bandpass_0_5_48,500.0,100,1,expanded,0.1,1 2 3 4 5 6,7,100 200 500,50 100 200,24,0.6594323311265858,0.5865411574382673,0.6708887809982328,0.07120975865904992,0.04883888648182255,0.07026516904911843,0.011456449871646956,-0.07289117368831854,out\classification_controls\runs\cfg_008
12,1-2-3-4-5-6|7,corr,2,4,event_union,motor_premotor,bandpass_0_5_48,500.0,100,1,expanded,0.1,1 2 3 4 5 6,7,100 200 500,50 100 200,20,0.6026867913540348,0.5190931466582142,0.6136629930712032,0.054640620931334836,0.03956830829362932,0.052081347873495054,0.010976201717168399,-0.08359364469582065,out\classification_controls\runs\cfg_012
26,1-2-3-4-5-6|7,corr,2,8,event_union,motor_premotor,car_only,500.0,100,1,expanded,0.1,1 2 3 4 5 6,7,100 200 500,50 100 200,32,0.5577136000759403,0.5072006004532242,0.5679219217652227,0.04495174259888554,0.03805251481604751,0.04527962666476309,0.010208321689282429,-0.05051299962271605,out\classification_controls\runs\cfg_026
55,1-2-3-4-5-6-7|8,corr,2,8,event_union,no_fp1_fp2,bandpass_0_5_48,0.0,100,1,expanded,0.1,1 2 3 4 5 6 7,8,100 200 500,50 100 200,48,0.6692263726630455,0.5510379734066344,0.6782169642855919,0.08725254055899061,0.04805666006618958,0.08787198694475977,0.00899059162254634,-0.11818839925641111,out\classification_controls\runs\cfg_055
14,1-2-3-4-5-6|7,corr,2,4,event_union,ocular_proxy_only,car_only,500.0,100,1,expanded,0.1,1 2 3 4 5 6,7,100 200 500,50 100 200,8,0.6446558360371251,0.526348708302056,0.6525147325022697,0.06784153584966689,0.04181377014303244,0.0643400985601683,0.007858896465144594,-0.11830712773506902,out\classification_controls\runs\cfg_014
30,1-2-3-4-5-6|7,corr,2,8,event_union,ocular_proxy_only,car_only,500.0,100,1,expanded,0.1,1 2 3 4 5 6,7,100 200 500,50 100 200,8,0.6446558360371251,0.526348708302056,0.6525147325022697,0.06784153584966689,0.04181377014303244,0.0643400985601683,0.007858896465144594,-0.11830712773506902,out\classification_controls\runs\cfg_030
6,1-2-3-4-5-6|7,corr,2,4,event_union,no_fp1_fp2,car_only,500.0,100,1,expanded,0.1,1 2 3 4 5 6,7,100 200 500,50 100 200,24,0.6267505435485776,0.5138454042645196,0.6341325135213701,0.05749686649674527,0.040353117520625814,0.05974048673581576,0.0073819699727925014,-0.11290513928405799,out\classification_controls\runs\cfg_006
53,1-2-3-4-5-6-7|8,corr,2,8,event_union,no_fp1_fp2,car_only,0.0,100,1,expanded,0.1,1 2 3 4 5 6 7,8,100 200 500,50 100 200,48,0.6503195517260243,0.5922420101829355,0.6551466448068917,0.06650654349369099,0.05337364777431092,0.06854418704420513,0.004827093080867373,-0.05807754154308875,out\classification_controls\runs\cfg_053
56,1-2-3-4-5-6-7|8,corr,2,8,event_union,no_fp1_fp2,bandpass_0_5_48,500.0,100,1,expanded,0.1,1 2 3 4 5 6 7,8,100 200 500,50 100 200,48,0.7036523226062247,0.5824938898633546,0.7063451110660771,0.08945239735606637,0.048132924209196314,0.07694725101297092,0.0026927884598524354,-0.12115843274287008,out\classification_controls\runs\cfg_056
13,1-2-3-4-5-6|7,corr,2,4,event_union,ocular_proxy_only,car_only,0.0,100,1,expanded,0.1,1 2 3 4 5 6,7,100 200 500,50 100 200,8,0.6619985887034702,0.5162773867660848,0.6644090367983074,0.07437795837857973,0.04050918419857305,0.06337863274732211,0.0024104480948372586,-0.14572120193738536,out\classification_controls\runs\cfg_013
29,1-2-3-4-5-6|7,corr,2,8,event_union,ocular_proxy_only,car_only,0.0,100,1,expanded,0.1,1 2 3 4 5 6,7,100 200 500,50 100 200,8,0.6619985887034702,0.5162773867660848,0.6644090367983074,0.07437795837857973,0.04050918419857305,0.06337863274732211,0.0024104480948372586,-0.14572120193738536,out\classification_controls\runs\cfg_029
9,1-2-3-4-5-6|7,corr,2,4,event_union,motor_premotor,car_only,0.0,100,1,expanded,0.1,1 2 3 4 5 6,7,100 200 500,50 100 200,20,0.6456223583424257,0.5457691762490613,0.6461759943391159,0.05549252847564484,0.0432778905288104,0.056968332009475875,0.0005536359966902271,-0.09985318209336436,out\classification_controls\runs\cfg_009
20,1-2-3-4-5-6|7,corr,2,8,event_union,all32,bandpass_0_5_48,500.0,100,1,expanded,0.1,1 2 3 4 5 6,7,100 200 500,50 100 200,48,0.6858148354473337,0.5490123335486845,0.6859884512670664,0.08024088004734953,0.04362153962504472,0.07231109189139433,0.00017361581973274198,-0.13680250189864918,out\classification_controls\runs\cfg_020
46,1-2-3-4-5-6-7|8,corr,2,4,event_union,ocular_proxy_only,car_only,500.0,100,1,expanded,0.1,1 2 3 4 5 6 7,8,100 200 500,50 100 200,8,0.6611065942982707,0.5532892270552969,0.6610591057282245,0.07452442407376692,0.042851778985425894,0.06261606515640784,-4.748857004621687e-05,-0.10781736724297375,out\classification_controls\runs\cfg_046
62,1-2-3-4-5-6-7|8,corr,2,8,event_union,ocular_proxy_only,car_only,500.0,100,1,expanded,0.1,1 2 3 4 5 6 7,8,100 200 500,50 100 200,8,0.6611065942982707,0.5532892270552969,0.6610591057282245,0.07452442407376692,0.042851778985425894,0.06261606515640784,-4.748857004621687e-05,-0.10781736724297375,out\classification_controls\runs\cfg_062
58,1-2-3-4-5-6-7|8,corr,2,8,event_union,motor_premotor,car_only,500.0,100,1,expanded,0.1,1 2 3 4 5 6 7,8,100 200 500,50 100 200,32,0.5742667302095376,0.529988594229938,0.5731243979170488,0.046565634005865074,0.03925453516934573,0.04463685297731984,-0.0011423322924887236,-0.04427813597959951,out\classification_controls\runs\cfg_058
28,1-2-3-4-5-6|7,corr,2,8,event_union,motor_premotor,bandpass_0_5_48,500.0,100,1,expanded,0.1,1 2 3 4 5 6,7,100 200 500,50 100 200,32,0.6026867913540348,0.4968707809148129,0.5969286009648519,0.054640620931334836,0.037106809967600914,0.052318797815465556,-0.0057581903891829045,-0.1058160104392219,out\classification_controls\runs\cfg_028
39,1-2-3-4-5-6-7|8,corr,2,4,event_union,no_fp1_fp2,bandpass_0_5_48,0.0,100,1,expanded,0.1,1 2 3 4 5 6 7,8,100 200 500,50 100 200,24,0.6692263726630455,0.5324354432108772,0.6626204796585199,0.08725254055899061,0.04455007918780801,0.08057031050109771,-0.0066058930045256314,-0.1367909294521683,out\classification_controls\runs\cfg_039
7,1-2-3-4-5-6|7,corr,2,4,event_union,no_fp1_fp2,bandpass_0_5_48,0.0,100,1,expanded,0.1,1 2 3 4 5 6,7,100 200 500,50 100 200,24,0.6593080403759656,0.5632668034755485,0.6510899144736684,0.07012376305738525,0.04625584131891262,0.06503683170675574,-0.008218125902297202,-0.0960412369004171,out\classification_controls\runs\cfg_007
52,1-2-3-4-5-6-7|8,corr,2,8,event_union,all32,bandpass_0_5_48,500.0,100,1,expanded,0.1,1 2 3 4 5 6 7,8,100 200 500,50 100 200,48,0.7149048070871885,0.571950881438187,0.7065464586139569,0.07945483584085487,0.04712912388081001,0.07871762897613067,-0.00835834847323158,-0.14295392564900156,out\classification_controls\runs\cfg_052
4,1-2-3-4-5-6|7,corr,2,4,event_union,all32,bandpass_0_5_48,500.0,100,1,expanded,0.1,1 2 3 4 5 6,7,100 200 500,50 100 200,24,0.6858148354473337,0.5865411574382673,0.674862503125799,0.08024088004734953,0.04883888648182255,0.0652745648181666,-0.010952332321534697,-0.09927367800906639,out\classification_controls\runs\cfg_004
33,1-2-3-4-5-6-7|8,corr,2,4,event_union,all32,car_only,0.0,100,1,expanded,0.1,1 2 3 4 5 6 7,8,100 200 500,50 100 200,24,0.6855671907291049,0.5195483512644761,0.6743023686650695,0.07659932053078877,0.04413280947656062,0.07581220426225392,-0.01126482206403534,-0.1660188394646288,out\classification_controls\runs\cfg_033
50,1-2-3-4-5-6-7|8,corr,2,8,event_union,all32,car_only,500.0,100,1,expanded,0.1,1 2 3 4 5 6 7,8,100 200 500,50 100 200,48,0.7155827078731695,0.6000801717154055,0.7042435821799046,0.0757197122251934,0.05149342252292404,0.07617397037927993,-0.011339125693264895,-0.11550253615776396,out\classification_controls\runs\cfg_050
59,1-2-3-4-5-6-7|8,corr,2,8,event_union,motor_premotor,bandpass_0_5_48,0.0,100,1,expanded,0.1,1 2 3 4 5 6 7,8,100 200 500,50 100 200,32,0.6256039654902078,0.5427056244370131,0.613762027625313,0.06528612320232034,0.04565063057457756,0.056899675366563686,-0.011841937864894847,-0.08289834105319471,out\classification_controls\runs\cfg_059
23,1-2-3-4-5-6|7,corr,2,8,event_union,no_fp1_fp2,bandpass_0_5_48,0.0,100,1,expanded,0.1,1 2 3 4 5 6,7,100 200 500,50 100 200,48,0.6593080403759656,0.5698682092743584,0.6471228598844142,0.07012376305738525,0.04719561256307773,0.06732699607288656,-0.012185180491551373,-0.08943983110160714,out\classification_controls\runs\cfg_023
34,1-2-3-4-5-6-7|8,corr,2,4,event_union,all32,car_only,500.0,100,1,expanded,0.1,1 2 3 4 5 6 7,8,100 200 500,50 100 200,24,0.7155827078731695,0.5559289306713858,0.7032069605175604,0.0757197122251934,0.04358643516683544,0.07690535796632932,-0.01237574735560909,-0.15965377720178364,out\classification_controls\runs\cfg_034
2,1-2-3-4-5-6|7,corr,2,4,event_union,all32,car_only,500.0,100,1,expanded,0.1,1 2 3 4 5 6,7,100 200 500,50 100 200,24,0.6476376569588321,0.5138454042645196,0.6343429649448421,0.06476721060159406,0.040353117520625814,0.058756733236837756,-0.013294692013990028,-0.1337922526943125,out\classification_controls\runs\cfg_002
44,1-2-3-4-5-6-7|8,corr,2,4,event_union,motor_premotor,bandpass_0_5_48,500.0,100,1,expanded,0.1,1 2 3 4 5 6 7,8,100 200 500,50 100 200,20,0.6699066601567001,0.5737130377121809,0.6552003784612094,0.07458543905943121,0.04585444075232525,0.062067236480810695,-0.014706281695490708,-0.09619362244451923,out\classification_controls\runs\cfg_044
36,1-2-3-4-5-6-7|8,corr,2,4,event_union,all32,bandpass_0_5_48,500.0,100,1,expanded,0.1,1 2 3 4 5 6 7,8,100 200 500,50 100 200,24,0.7149048070871885,0.5280623058820147,0.6984400921082852,0.07945483584085487,0.04084353763243715,0.07464265521081528,-0.01646471497890334,-0.18684250120517376,out\classification_controls\runs\cfg_036
47,1-2-3-4-5-6-7|8,corr,2,4,event_union,ocular_proxy_only,bandpass_0_5_48,0.0,100,1,expanded,0.1,1 2 3 4 5 6 7,8,100 200 500,50 100 200,8,0.6545389291671821,0.5298966042784846,0.637458470966837,0.0836471816083481,0.050726961933912434,0.06832222416698618,-0.017080458200345094,-0.12464232488869753,out\classification_controls\runs\cfg_047
63,1-2-3-4-5-6-7|8,corr,2,8,event_union,ocular_proxy_only,bandpass_0_5_48,0.0,100,1,expanded,0.1,1 2 3 4 5 6 7,8,100 200 500,50 100 200,8,0.6545389291671821,0.5298966042784846,0.637458470966837,0.0836471816083481,0.050726961933912434,0.06832222416698618,-0.017080458200345094,-0.12464232488869753,out\classification_controls\runs\cfg_063
18,1-2-3-4-5-6|7,corr,2,8,event_union,all32,car_only,500.0,100,1,expanded,0.1,1 2 3 4 5 6,7,100 200 500,50 100 200,48,0.6476376569588321,0.5562934765174776,0.6296319879888922,0.06476721060159406,0.04478620768049044,0.058695059037113854,-0.018005668969939936,-0.0913441804413545,out\classification_controls\runs\cfg_018
57,1-2-3-4-5-6-7|8,corr,2,8,event_union,motor_premotor,car_only,0.0,100,1,expanded,0.1,1 2 3 4 5 6 7,8,100 200 500,50 100 200,32,0.645099976971967,0.5403749572158323,0.6238041696055815,0.06271967926028775,0.044675724020440184,0.05814146830133062,-0.021295807366385477,-0.10472501975613469,out\classification_controls\runs\cfg_057
35,1-2-3-4-5-6-7|8,corr,2,4,event_union,all32,bandpass_0_5_48,0.0,100,1,expanded,0.1,1 2 3 4 5 6 7,8,100 200 500,50 100 200,24,0.6783128337025519,0.5324354432108772,0.6569714473334148,0.08353600227672243,0.04455007918780801,0.07444358730891783,-0.021341386369137072,-0.1458773904916747,out\classification_controls\runs\cfg_035
45,1-2-3-4-5-6-7|8,corr,2,4,event_union,ocular_proxy_only,car_only,0.0,100,1,expanded,0.1,1 2 3 4 5 6 7,8,100 200 500,50 100 200,8,0.7155743993755062,0.556164396724082,0.6935554462084568,0.10125941944406902,0.05997796793490598,0.08488787788538717,-0.022018953167049382,-0.15941000265142413,out\classification_controls\runs\cfg_045
61,1-2-3-4-5-6-7|8,corr,2,8,event_union,ocular_proxy_only,car_only,0.0,100,1,expanded,0.1,1 2 3 4 5 6 7,8,100 200 500,50 100 200,8,0.7155743993755062,0.556164396724082,0.6935554462084568,0.10125941944406902,0.05997796793490598,0.08488787788538717,-0.022018953167049382,-0.15941000265142413,out\classification_controls\runs\cfg_061
48,1-2-3-4-5-6-7|8,corr,2,4,event_union,ocular_proxy_only,bandpass_0_5_48,500.0,100,1,expanded,0.1,1 2 3 4 5 6 7,8,100 200 500,50 100 200,8,0.6321537663093627,0.5133451036228215,0.610020902060961,0.08534712254699882,0.04703668140784859,0.05662229351869019,-0.022132864248401662,-0.11880866268654122,out\classification_controls\runs\cfg_048
64,1-2-3-4-5-6-7|8,corr,2,8,event_union,ocular_proxy_only,bandpass_0_5_48,500.0,100,1,expanded,0.1,1 2 3 4 5 6 7,8,100 200 500,50 100 200,8,0.6321537663093627,0.5133451036228215,0.610020902060961,0.08534712254699882,0.04703668140784859,0.05662229351869019,-0.022132864248401662,-0.11880866268654122,out\classification_controls\runs\cfg_064
1,1-2-3-4-5-6|7,corr,2,4,event_union,all32,car_only,0.0,100,1,expanded,0.1,1 2 3 4 5 6,7,100 200 500,50 100 200,24,0.6892334186327811,0.5724956115405305,0.662245139952786,0.07281816508017112,0.04691173018254724,0.06960140014916796,-0.026988278679995092,-0.11673780709225057,out\classification_controls\runs\cfg_001
40,1-2-3-4-5-6-7|8,corr,2,4,event_union,no_fp1_fp2,bandpass_0_5_48,500.0,100,1,expanded,0.1,1 2 3 4 5 6 7,8,100 200 500,50 100 200,24,0.7036523226062247,0.5280623058820147,0.6734133707973294,0.08945239735606637,0.04084353763243715,0.0721935029966473,-0.030238951808895242,-0.17559001672420993,out\classification_controls\runs\cfg_040
60,1-2-3-4-5-6-7|8,corr,2,8,event_union,motor_premotor,bandpass_0_5_48,500.0,100,1,expanded,0.1,1 2 3 4 5 6 7,8,100 200 500,50 100 200,32,0.6699066601567001,0.5464782055082847,0.6264326637912516,0.07458543905943121,0.04264774810671515,0.05531248279490775,-0.043473996365448464,-0.12342845464841534,out\classification_controls\runs\cfg_060
41,1-2-3-4-5-6-7|8,corr,2,4,event_union,motor_premotor,car_only,0.0,100,1,expanded,0.1,1 2 3 4 5 6 7,8,100 200 500,50 100 200,20,0.645099976971967,0.5146911030697022,0.6002814328473808,0.06271967926028775,0.043290529357678305,0.05518584961863816,-0.04481854412458619,-0.13040887390226474,out\classification_controls\runs\cfg_041
25,1-2-3-4-5-6|7,corr,2,8,event_union,motor_premotor,car_only,0.0,100,1,expanded,0.1,1 2 3 4 5 6,7,100 200 500,50 100 200,32,0.6456223583424257,0.5664324899240373,0.5937749679469649,0.05549252847564484,0.04500054210480676,0.04879874212199823,-0.05184739039546071,-0.07918986841838838,out\classification_controls\runs\cfg_025
